10000	
	0.0002185032967	0.0002346079481	0.0003348343318	0.001224375801	0.0005423522474
	0.0003348343318	0.0002346079481	0.003520119676	0.02243841285	0.001224375801
	0.0005423522474	0.02243841285	0.003520119676	0.2190361117	0.6377562012
	0.821258045	0.6745651414	0.0252110743	0.2003905356	0.004687124155
	0.001798749462	0.6377562012	0.2190361117	0.0008338049724	0.0005176905246
	0.0003290052487	0.0002409772067	0.0001691565944	0.0001299134038	0.6745651414
	0.821258045	0.0252110743	0.2003905356	0.001798749462	0.004687124155
	9.583762073e-05	7.982651406e-05	0.0005176905246	0.0008338049724	0.0002409772067
	0.0003290052487	6.98086017e-05	7.787024631e-05	0.0001299134038	0.0001691565944
	0.0001009482898	0.0001694214426	7.982651406e-05	9.583762073e-05	7.787024631e-05
	6.98086017e-05	0.0001694214426	0.0001009482899	0.0007439871167	0.0003116148176
	0.002150148985	0.01268604919	0.0007439871167	0.0003116148176	0.157324191
	0.8701484862	0.01268604919	0.002150148985	0.8701484862	0.157324191
	0.9945005621	0.9867904514	0.9945005621	0.9867904514	0.9825585505
	0.9946923237	0.9946923237	0.9825585505	0.1122687384	0.8435440007
	0.001819502056	0.0081225203	0.8435440007	0.1122687384	0.001819502056
	0.0081225203	0.0005861224808	0.000264561943	0.0005861224808	0.000264561943
	6.716151414e-05	0.0001247979164	6.716151414e-05	0.0001247979164	2.01281568e-05
	3.521167899e-05	1.117376095e-05	6.950055065e-06	3.521167899e-05	2.01281568e-05
	1.117376095e-05	6.950055065e-06	4.613971583e-06	4.613971583e-06	4.093591473e-06
	0.0002697779305	0.0002697779305	0.0002346079481	0.0002697779305	0.0002697779305
	0.0002346079481	0.0003348343318	0.0003348343318	0.0006124227986	0.0003519337451
	0.004099531901	0.001239891512	0.0003519337451	0.0006124227986	0.2318846134
	0.02250735238	0.001239891512	0.004099531901	0.02250735238	0.2318846134
	0.8330949031	0.6856277501	0.2508175152	0.7407965692	0.6856277501
	0.8330949031	0.006126918973	0.02828893519	0.7407965692	0.2508175152
	0.02828893519	0.006126918973	0.001029129822	0.001984430205	0.0004055828004
	0.0005831928231	0.0002064907478	0.0002749869393	0.0001138532345	0.0001464631406
	7.928033363e-05	8.723758534e-05	0.0001084684057	8.058100479e-05	0.0003279006215
	0.0001671564269	0.002310360871	0.0007141759176	0.001984430205	0.001029129822
	0.0005831928231	0.0004055828004	0.1651835557	0.01144146379	0.0002749869393
	0.0002064907478	0.9851231345	0.8807308187	0.9942388219	0.9949529518
	0.0001464631406	0.0001138532345	0.83158907	0.9846792884	8.723758534e-05
	7.928033363e-05	0.1050253853	0.009104440833	0.0006147947346	0.001717139097
	8.058100479e-05	0.0001084684057	0.0001293073958	0.0002552814192	0.0001671564269
	0.0003279006215	0.0007141759176	0.002310360871	0.01144146379	0.1651835557
	0.8807308187	0.9851231345	3.641689294e-05	6.527202172e-05	1.158858514e-05
	1.964467299e-05	0.9949529518	0.9942388219	0.9846792884	0.83158907
	4.818904183e-06	6.825634899e-06	0.1050253853	0.009104440833	0.001717139097
	0.0006147947346	0.0002552814192	0.0001293073958	6.527202172e-05	3.641689294e-05
	1.964467299e-05	1.158858514e-05	6.825634899e-06	4.818904183e-06	4.044293063e-06
	0.0006124227986	0.0003519337451	0.001239891512	0.004099531901	0.0006124227986
	0.0003519337451	0.2318846134	0.02250735238	0.004099531901	0.001239891512
	0.2318846134	0.02250735238	0.6856277501	0.8330949031	0.7407965692
	0.2508175152	0.02828893519	0.006126918973	0.001029129822	0.001984430205
	0.8330949031	0.6856277501	0.0005831928231	0.0004055828004	0.0002749869393
	0.0002064907478	0.0001464631406	0.0001138532345	0.7407965692	0.2508175152
	0.006126918973	0.02828893519	0.001984430205	0.001029129822	7.928033363e-05
	8.723758534e-05	0.0005831928231	0.0004055828004	0.0002064907478	0.0002749869393
	8.058100479e-05	0.0001084684057	0.0001138532345	0.0001464631406	0.0001671564269
	0.0003279006215	8.723758534e-05	7.928033363e-05	0.0001084684057	8.058100479e-05
	0.0003279006215	0.0001671564269	0.0007141759176	0.002310360871	0.1651835557
	0.01144146379	0.0007141759176	0.002310360871	0.8807308187	0.9851231345
	0.01144146379	0.1651835557	0.9851231345	0.8807308187	0.9942388219
	0.9949529518	0.9942388219	0.9949529518	0.83158907	0.9846792884
	0.9846792884	0.83158907	0.009104440833	0.1050253853	0.0006147947346
	0.001717139097	0.009104440833	0.1050253853	0.0006147947346	0.001717139097
	0.0002552814192	0.0001293073958	0.0002552814192	0.0001293073958	6.527202172e-05
	3.641689294e-05	6.527202172e-05	3.641689294e-05	1.964467299e-05	1.158858514e-05
	6.825634899e-06	4.818904183e-06	1.964467299e-05	1.158858514e-05	6.825634899e-06
	4.818904183e-06	4.044293063e-06	0.0003519337451	0.0004820938395	0.0003519337451
	0.0004820938395	0.0003519337451	0.0003519337451	0.0004820938395	0.0004820938395
	0.0006124227986	0.0005423522474	0.0006124227986	0.0006124227986	0.0005423522474
	0.0006124227986	0.001624879535	0.0007410115816	0.03046752218	0.004621042107
	0.0007410115816	0.001624879535	0.763650559	0.2953485447	0.03046752218
	0.004621042107	0.2953485447	0.763650559	0.8362003341	0.9040362269
	0.06035869295	0.4202551186	0.9040362269	0.8362003341	0.003524463236
	0.009750669126	0.4202551186	0.06035869295	0.003524463236	0.009750669126
	0.000999115721	0.001580828842	0.0004625942289	0.0006344204788	0.0002304420781
	0.0003129487024	0.0001252421561	0.0001604625587	0.0001008679069	0.0001003064028
	0.0001851181807	0.0001182631004	0.0007676739279	0.0003273325829	0.01306069409
	0.002204053665	0.001580828842	0.000999115721	0.0006344204788	0.0004625942289
	0.8729749311	0.1629786299	0.0003129487024	0.0002304420781	0.994559807
	0.9869819652	0.9826818867	0.9947363222	0.0001604625587	0.0001252421561
	0.1128882319	0.8443893735	0.0001003064028	0.0001008679069	0.0018299564
	0.008168413514	0.0002664621099	0.0005896998087	0.0001182631004	0.0001851181807
	6.793031667e-05	0.0001258981801	0.0003273325829	0.0007676739279	0.01306069409
	0.002204053665	0.1629786299	0.8729749311	0.9869819652	0.994559807
	2.056727128e-05	3.575535664e-05	7.274416139e-06	1.152953003e-05	0.9947363222
	0.9826818867	0.8443893735	0.1128882319	4.389438781e-06	4.907895046e-06
	0.008168413514	0.0018299564	0.0005896998087	0.0002664621099	0.0001258981801
	6.793031667e-05	3.575535664e-05	2.056727128e-05	1.152953003e-05	7.274416139e-06
	4.907895046e-06	0.001624879535	0.0007410115816	0.004621042107	0.03046752218
	0.001624879535	0.0007410115816	0.2953485447	0.763650559	0.03046752218
	0.004621042107	0.2953485447	0.763650559	0.8362003341	0.9040362269
	0.4202551186	0.06035869295	0.009750669126	0.003524463236	0.001580828842
	0.000999115721	0.8362003341	0.9040362269	0.0006344204788	0.0004625942289
	0.0003129487024	0.0002304420781	0.0001604625587	0.0001252421561	0.06035869295
	0.4202551186	0.003524463236	0.009750669126	0.001580828842	0.000999115721
	0.0001003064028	0.0001008679069	0.0006344204788	0.0004625942289	0.0002304420781
	0.0003129487024	0.0001182631004	0.0001851181807	0.0001604625587	0.0001252421561
	0.0003273325829	0.0007676739279	0.0001003064028	0.0001008679069	0.0001851181807
	0.0001182631004	0.0003273325829	0.0007676739279	0.002204053665	0.01306069409
	0.8729749311	0.1629786299	0.002204053665	0.01306069409	0.9869819652
	0.994559807	0.1629786299	0.8729749311	0.9869819652	0.994559807
	0.9826818867	0.9947363222	0.9826818867	0.9947363222	0.8443893735
	0.1128882319	0.1128882319	0.8443893735	0.0018299564	0.008168413514
	0.0002664621099	0.0005896998087	0.008168413514	0.0018299564	0.0005896998087
	0.0002664621099	6.793031667e-05	0.0001258981801	6.793031667e-05	0.0001258981801
	2.056727128e-05	3.575535664e-05	3.575535664e-05	2.056727128e-05	7.274416139e-06
	1.152953003e-05	4.389438781e-06	4.907895046e-06	1.152953003e-05	7.274416139e-06
	4.907895046e-06	0.0007410115816	0.0007410115816	0.001205613933	0.0007410115816
	0.001205613933	0.0007410115816	0.001205613933	0.001205613933	0.001624879535
	0.001224375801	0.001239891512	0.001624879535	0.001239891512	0.001624879535
	0.001239891512	0.001224375801	0.001624879535	0.001239891512	0.00763872717
	0.002289356195	0.4191913965	0.04339999734	0.002289356195	0.00763872717
	0.9494574155	0.8772691876	0.4191913965	0.04339999734	0.8772691876
	0.9494574155	0.7320818528	0.940244301	0.0323618734	0.1763969463
	0.940244301	0.7320818528	0.004061988774	0.00825867583	0.1763969463
	0.0323618734	0.004061988774	0.00825867583	0.001523389868	0.002209897272
	0.000653634643	0.0009522956739	0.0002869646628	0.0004103015148	0.0001546579374
	0.0001947733557	0.0001500160779	0.0001324518224	0.0003654948388	0.0002017455657
	0.002433694362	0.0007639301154	0.1732547651	0.01203578404	0.002209897272
	0.001523389868	0.0009522956739	0.000653634643	0.9855519351	0.8850718125
	0.0004103015148	0.0002869646628	0.9943462358	0.9950647438	0.8337401547
	0.9849192863	0.0001947733557	0.0001546579374	0.009230520424	0.1063796515
	0.0001324518224	0.0001500160779	0.0006237119366	0.001740154346	0.0001319280735
	0.0002594948631	0.0002017455657	0.0003654948388	3.769147559e-05	6.696396664e-05
	0.0007639301154	0.002433694362	0.1732547651	0.01203578404	0.8850718125
	0.9855519351	0.9950647438	0.9943462358	1.242679939e-05	2.061440527e-05
	5.517322152e-06	7.550001797e-06	0.9849192863	0.8337401547	0.1063796515
	0.009230520424	5.517322152e-06	4.708617913e-06	0.001740154346	0.0006237119366
	0.0002594948631	0.0001319280735	6.696396664e-05	3.769147559e-05	2.061440527e-05
	1.242679939e-05	7.550001797e-06	0.002289356195	0.00763872717	0.4191913965
	0.04339999734	0.00763872717	0.002289356195	0.8772691876	0.9494574155
	0.04339999734	0.4191913965	0.8772691876	0.9494574155	0.7320818528
	0.940244301	0.1763969463	0.0323618734	0.004061988774	0.00825867583
	0.002209897272	0.001523389868	0.940244301	0.7320818528	0.0009522956739
	0.000653634643	0.0004103015148	0.0002869646628	0.0001947733557	0.0001546579374
	0.0323618734	0.1763969463	0.00825867583	0.004061988774	0.001523389868
	0.002209897272	0.0001324518224	0.0001500160779	0.0009522956739	0.000653634643
	0.0004103015148	0.0002869646628	0.0002017455657	0.0003654948388	0.0001947733557
	0.0001546579374	0.0007639301154	0.002433694362	0.0001500160779	0.0001324518224
	0.0003654948388	0.0002017455657	0.002433694362	0.0007639301154	0.1732547651
	0.01203578404	0.8850718125	0.9855519351	0.1732547651	0.01203578404
	0.9943462358	0.9950647438	0.8850718125	0.9855519351	0.9950647438
	0.9943462358	0.8337401547	0.9849192863	0.9849192863	0.8337401547
	0.1063796515	0.009230520424	0.009230520424	0.1063796515	0.0006237119366
	0.001740154346	0.0001319280735	0.0002594948631	0.0006237119366	0.001740154346
	0.0001319280735	0.0002594948631	6.696396664e-05	3.769147559e-05	3.769147559e-05
	6.696396664e-05	1.242679939e-05	2.061440527e-05	1.242679939e-05	2.061440527e-05
	7.550001797e-06	5.517322152e-06	4.708617913e-06	7.550001797e-06	5.517322152e-06
	0.002289356195	0.002289356195	0.002289356195	0.002289356195	0.004895722546
	0.004895722546	0.004895722546	0.004895722546	0.00763872717	0.004621042107
	0.004099531901	0.003520119676	0.004099531901	0.00763872717	0.004621042107
	0.00763872717	0.004099531901	0.004621042107	0.003520119676	0.004099531901
	0.00763872717	0.004621042107	0.09945898875	0.01385100022	0.9392141338
	0.6341706818	0.09945898875	0.01385100022	0.9767896717	0.9799324012
	0.6341706818	0.9392141338	0.9799324012	0.9767896717	0.6624647425
	0.9394687477	0.04384002352	0.1646836496	0.9394687477	0.6624647425
	0.009704325224	0.01555768932	0.04384002352	0.1646836496	0.01555768932
	0.009704325224	0.003216801396	0.005204259964	0.000965019204	0.001631251956
	0.0003645676752	0.000545932837	0.0002058159186	0.0002465640004	0.0002531361687
	0.0001945197937	0.0008653936751	0.000394279299	0.01407947462	0.002402599018
	0.8793847458	0.1726722876	0.005204259964	0.003216801396	0.001631251956
	0.000965019204	0.9947699657	0.9875661701	0.000545932837	0.0003645676752
	0.9831926434	0.9949060803	0.1158274313	0.8481413023	0.0002465640004
	0.0002058159186	0.001878963171	0.008388081013	0.0001945197937	0.0002531361687
	0.000274764992	0.0006058958895	7.113620857e-05	0.0001305664802	0.000394279299
	0.0008653936751	2.240322893e-05	3.801257805e-05	0.01407947462	0.002402599018
	0.1726722876	0.8793847458	0.9875661701	0.9947699657	0.9949060803
	0.9831926434	8.667344339e-06	1.303658102e-05	5.676784356e-06	6.182366047e-06
	0.8481413023	0.1158274313	0.008388081013	0.001878963171	8.667344339e-06
	6.182366047e-06	0.0006058958895	0.000274764992	0.0001305664802	7.113620857e-05
	2.240322893e-05	3.801257805e-05	1.303658102e-05	0.01385100022	0.09945898875
	0.6341706818	0.9392141338	0.09945898875	0.01385100022	0.9799324012
	0.9767896717	0.9392141338	0.6341706818	0.9799324012	0.9767896717
	0.9394687477	0.6624647425	0.1646836496	0.04384002352	0.01555768932
	0.009704325224	0.005204259964	0.003216801396	0.9394687477	0.6624647425
	0.001631251956	0.000965019204	0.000545932837	0.0003645676752	0.0002465640004
	0.0002058159186	0.1646836496	0.04384002352	0.01555768932	0.009704325224
	0.005204259964	0.003216801396	0.0001945197937	0.0002531361687	0.001631251956
	0.000965019204	0.000545932837	0.0003645676752	0.000394279299	0.0008653936751
	0.0002465640004	0.0002058159186	0.002402599018	0.01407947462	0.0002531361687
	0.0001945197937	0.0008653936751	0.000394279299	0.01407947462	0.002402599018
	0.1726722876	0.8793847458	0.9947699657	0.9875661701	0.8793847458
	0.1726722876	0.9831926434	0.9949060803	0.9875661701	0.9947699657
	0.9949060803	0.9831926434	0.8481413023	0.1158274313	0.8481413023
	0.1158274313	0.008388081013	0.001878963171	0.008388081013	0.001878963171
	0.000274764992	0.0006058958895	7.113620857e-05	0.0001305664802	0.0006058958895
	0.000274764992	0.0001305664802	7.113620857e-05	2.240322893e-05	3.801257805e-05
	2.240322893e-05	3.801257805e-05	8.667344339e-06	1.303658102e-05	1.303658102e-05
	8.667344339e-06	5.676784356e-06	6.182366047e-06	6.182366047e-06	0.01385100022
	0.01385100022	0.01385100022	0.05192740354	0.01385100022	0.05192740354
	0.05192740354	0.05192740354	0.09945898875	0.09945898875	0.03046752218
	0.04339999734	0.02243841285	0.02250735238	0.03046752218	0.02250735238
	0.09945898875	0.04339999734	0.04339999734	0.03046752218	0.02250735238
	0.02243841285	0.03046752218	0.02250735238	0.09945898875	0.04339999734
	0.8597071979	0.2743081823	0.9902609425	0.9782970553	0.2743081823
	0.8597071979	0.9837851523	0.9917418339	0.9782970553	0.9902609425
	0.9917418339	0.9837851523	0.7585131602	0.9504210173	0.1726776845
	0.3367444942	0.9504210173	0.7585131602	0.05138596461	0.09092444923
	0.3367444942	0.1726776845	0.09092444923	0.05138596461	0.007260141575
	0.01886972918	0.001354529842	0.002676552069	0.0004685967327	0.0007088323903
	0.0002991108435	0.0003279518499	0.0004937731076	0.0003214244999	0.002826313607
	0.0009304426033	0.1896150613	0.01358216843	0.9866427025	0.8941672102
	0.01886972918	0.007260141575	0.002676552069	0.001354529842	0.9946572312
	0.9953713568	0.0004685967327	0.0007088323903	0.8411866956	0.985673246
	0.1115986577	0.009719728048	0.0003279518499	0.0002991108435	0.0006551715621
	0.001825909981	0.0003214244999	0.0004937731076	0.0001403454892	0.0002735784206
	4.169273809e-05	7.2282385e-05	0.0009304426033	0.002826313607	1.514848832e-05
	2.369939718e-05	0.01358216843	0.1896150613	0.8941672102	0.9866427025
	0.9953713568	0.9946572312	0.985673246	0.8411866956	7.859819373e-06
	9.947579882e-06	7.859819373e-06	6.946728021e-06	0.1115986577	0.009719728048
	0.001825909981	0.0006551715621	9.947579882e-06	1.514848832e-05	0.0002735784206
	0.0001403454892	7.2282385e-05	4.169273809e-05	2.369939718e-05	0.8597071979
	0.2743081823	0.9782970553	0.9902609425	0.8597071979	0.2743081823
	0.9917418339	0.9837851523	0.9782970553	0.9902609425	0.9837851523
	0.9917418339	0.9504210173	0.7585131602	0.1726776845	0.3367444942
	0.09092444923	0.05138596461	0.01886972918	0.007260141575	0.9504210173
	0.7585131602	0.002676552069	0.001354529842	0.0004685967327	0.0007088323903
	0.0003279518499	0.0002991108435	0.3367444942	0.1726776845	0.05138596461
	0.09092444923	0.007260141575	0.01886972918	0.0003214244999	0.0004937731076
	0.002676552069	0.001354529842	0.0004685967327	0.0007088323903	0.0009304426033
	0.002826313607	0.0003279518499	0.0002991108435	0.1896150613	0.01358216843
	0.0004937731076	0.0003214244999	0.0009304426033	0.002826313607	0.1896150613
	0.01358216843	0.8941672102	0.9866427025	0.9946572312	0.9953713568
	0.9866427025	0.8941672102	0.8411866956	0.985673246	0.9953713568
	0.9946572312	0.8411866956	0.985673246	0.1115986577	0.009719728048
	0.009719728048	0.1115986577	0.0006551715621	0.001825909981	0.001825909981
	0.0006551715621	0.0002735784206	0.0001403454892	7.2282385e-05	4.169273809e-05
	0.0001403454892	0.0002735784206	4.169273809e-05	7.2282385e-05	1.514848832e-05
	2.369939718e-05	2.369939718e-05	1.514848832e-05	7.859819373e-06	9.947579882e-06
	9.947579882e-06	7.859819373e-06	6.946728021e-06	0.2743081823	0.2743081823
	0.2743081823	0.2743081823	0.7745388775	0.7745388775	0.7745388775
	0.7745388775	0.4191913965	0.6341706818	0.8597071979	0.4191913965
	0.6341706818	0.8597071979	0.2953485447	0.2318846134	0.2190361117
	0.2318846134	0.4191913965	0.2953485447	0.8597071979	0.6341706818
	0.2318846134	0.2953485447	0.2190361117	0.2318846134	0.4191913965
	0.2953485447	0.8597071979	0.6341706818	0.9907122598	0.9670885212
	0.9959356741	0.9955684934	0.9670885212	0.9907122598	0.989134385
	0.9948277061	0.9955684934	0.9959356741	0.9948277061	0.989134385
	0.9254401225	0.9737146722	0.7741201447	0.8676902306	0.9254401225
	0.9737146722	0.2640963488	0.6256922157	0.8676902306	0.7741201447
	0.6256922157	0.2640963488	0.01361056514	0.05640656059	0.001814949882
	0.003913048919	0.0006358653962	0.0009300225748	0.0004930542455	0.0004766857228
	0.001200113524	0.0006225989808	0.01769936655	0.003095619937	0.8970511303
	0.2030547152	0.9953033965	0.9891141647	0.05640656059	0.01361056514
	0.003913048919	0.001814949882	0.9846430404	0.9953447704	0.0009300225748
	0.0006358653962	0.1271470797	0.8603197244	0.002054740926	0.009231045214
	0.0004766857228	0.0004930542455	0.000300277109	0.0006593126309	0.0006225989808
	0.001200113524	8.033276283e-05	0.0001442220193	2.782048823e-05	4.452322406e-05
	0.01769936655	0.003095619937	1.299296711e-05	1.760630581e-05	0.2030547152
	0.8970511303	0.9891141647	0.9953033965	0.9953447704	0.9846430404
	0.8603197244	0.1271470797	9.756288052e-06	1.019957687e-05	1.299296711e-05
	1.019957687e-05	0.009231045214	0.002054740926	0.0006593126309	0.000300277109
	2.782048823e-05	1.760630581e-05	0.0001442220193	8.033276283e-05	4.452322406e-05
	0.9670885212	0.9907122598	0.9955684934	0.9959356741	0.9907122598
	0.9670885212	0.9948277061	0.989134385	0.9959356741	0.9955684934
	0.989134385	0.9948277061	0.9737146722	0.9254401225	0.8676902306
	0.7741201447	0.6256922157	0.2640963488	0.05640656059	0.01361056514
	0.9737146722	0.9254401225	0.003913048919	0.001814949882	0.0006358653962
	0.0009300225748	0.0004766857228	0.0004930542455	0.8676902306	0.7741201447
	0.2640963488	0.6256922157	0.05640656059	0.01361056514	0.0006225989808
	0.001200113524	0.001814949882	0.003913048919	0.0009300225748	0.0006358653962
	0.003095619937	0.01769936655	0.0004930542455	0.0004766857228	0.2030547152
	0.8970511303	0.0006225989808	0.001200113524	0.01769936655	0.003095619937
	0.8970511303	0.2030547152	0.9891141647	0.9953033965	0.9846430404
	0.9953447704	0.9891141647	0.9953033965	0.8603197244	0.1271470797
	0.9846430404	0.9953447704	0.1271470797	0.8603197244	0.009231045214
	0.002054740926	0.002054740926	0.009231045214	0.000300277109	0.0006593126309
	0.0006593126309	0.000300277109	0.0001442220193	8.033276283e-05	2.782048823e-05
	4.452322406e-05	8.033276283e-05	0.0001442220193	2.782048823e-05	4.452322406e-05
	1.299296711e-05	1.760630581e-05	1.760630581e-05	1.299296711e-05	1.019957687e-05
	9.756288052e-06	1.019957687e-05	0.9670885212	0.9670885212	0.9670885212
	0.9670885212	0.9899668642	0.9899668642	0.9899668642	0.9899668642
	0.763650559	0.9392141338	0.8772691876	0.9782970553	0.9907122598
	0.763650559	0.8772691876	0.9392141338	0.9782970553	0.9907122598
	0.6377562012	0.6856277501	0.763650559	0.6856277501	0.9392141338
	0.8772691876	0.9907122598	0.9782970553	0.6856277501	0.6377562012
	0.763650559	0.6856277501	0.9392141338	0.8772691876	0.9782970553
	0.9907122598	0.9974141449	0.9960375274	0.9974284176	0.9978514929
	0.9960375274	0.9974141449	0.9938971785	0.9964978556	0.9978514929
	0.9974284176	0.9964978556	0.9938971785	0.9843083138	0.9905773426
	0.9568765815	0.9795178558	0.9905773426	0.9843083138	0.5549740932
	0.8894051996	0.9795178558	0.9568765815	0.8894051996	0.5549740932
	0.02087560275	0.1078178556	0.002540467771	0.005468132994	0.0009637953009
	0.001328476874	0.0009820893642	0.0007978909193	0.004407372971	0.001554009342
	0.2690943086	0.02084687514	0.9894211104	0.9222901183	0.9953694052
	0.996070871	0.1078178556	0.02087560275	0.005468132994	0.002540467771
	0.8646177217	0.9876496314	0.001328476874	0.0009637953009	0.1334606238
	0.01172468377	0.0007566595838	0.002137131405	0.0007978909193	0.0009820893642
	0.000163828458	0.0003149392209	0.001554009342	0.004407372971	5.291853829e-05
	8.692562137e-05	2.331286492e-05	3.264232207e-05	0.02084687514	0.2690943086
	1.518544624e-05	1.73265588e-05	0.9222901183	0.9894211104	0.996070871
	0.9953694052	0.9876496314	0.8646177217	0.1334606238	0.01172468377
	1.518544624e-05	1.397903173e-05	1.73265588e-05	2.331286492e-05	0.002137131405
	0.0007566595838	0.000163828458	0.0003149392209	3.264232207e-05	8.692562137e-05
	5.291853829e-05	0.9960375274	0.9974141449	0.9974284176	0.9978514929
	0.9974141449	0.9960375274	0.9964978556	0.9938971785	0.9978514929
	0.9974284176	0.9964978556	0.9938971785	0.9843083138	0.9905773426
	0.9795178558	0.9568765815	0.8894051996	0.5549740932	0.1078178556
	0.02087560275	0.9905773426	0.9843083138	0.002540467771	0.005468132994
	0.0009637953009	0.001328476874	0.0007978909193	0.0009820893642	0.9568765815
	0.9795178558	0.5549740932	0.8894051996	0.02087560275	0.1078178556
	0.001554009342	0.004407372971	0.005468132994	0.002540467771	0.0009637953009
	0.001328476874	0.2690943086	0.02084687514	0.0009820893642	0.0007978909193
	0.9894211104	0.9222901183	0.001554009342	0.004407372971	0.2690943086
	0.02084687514	0.9222901183	0.9894211104	0.9953694052	0.996070871
	0.9876496314	0.8646177217	0.9953694052	0.996070871	0.1334606238
	0.01172468377	0.9876496314	0.8646177217	0.01172468377	0.1334606238
	0.0007566595838	0.002137131405	0.002137131405	0.0007566595838	0.000163828458
	0.0003149392209	0.000163828458	0.0003149392209	5.291853829e-05	8.692562137e-05
	3.264232207e-05	2.331286492e-05	5.291853829e-05	8.692562137e-05	2.331286492e-05
	3.264232207e-05	1.73265588e-05	1.518544624e-05	1.518544624e-05	1.73265588e-05
	1.397903173e-05	0.9960375274	0.9960375274	0.9960375274	0.9960375274
	0.9976427033	0.9976427033	0.9976427033	0.9976427033	0.8330949031
	0.9040362269	0.9494574155	0.9799324012	0.9902609425	0.9955684934
	0.9974141449	0.8330949031	0.9494574155	0.9040362269	0.9799324012
	0.9902609425	0.9974141449	0.9955684934	0.821258045	0.8330949031
	0.9494574155	0.9040362269	0.9902609425	0.9799324012	0.9974141449
	0.9955684934	0.821258045	0.8330949031	0.9494574155	0.9040362269
	0.9902609425	0.9799324012	0.9974141449	0.9955684934	0.9985256296
	0.9983832313	0.9980818143	0.9984823695	0.9983832313	0.9985256296
	0.9965797944	0.997560567	0.9984823695	0.9980818143	0.9965797944
	0.997560567	0.9943234521	0.9958092516	0.9822699844	0.992336609
	0.9958092516	0.9943234521	0.6840973777	0.9460323596	0.992336609
	0.9822699844	0.9460323596	0.6840973777	0.03196214736	0.1572547878
	0.004189677753	0.008758544174	0.001744078731	0.002197990834	0.002690148844
	0.00167148511	0.03915326558	0.00632495276	0.942872462	0.3916379625
	0.9962869751	0.9923922566	0.9880284723	0.996186824	0.03196214736
	0.1572547878	0.004189677753	0.008758544174	0.1833127899	0.8966578452
	0.002197990834	0.001744078731	0.00271977905	0.01313468909	0.0003725227875
	0.000828248479	0.00167148511	0.002690148844	0.0001052150535	0.0001809783233
	0.03915326558	0.00632495276	4.368491347e-05	6.275431625e-05	2.649469503e-05
	3.149308233e-05	0.3916379625	0.942872462	2.273526219e-05	2.291313834e-05
	0.9923922566	0.9962869751	0.996186824	0.9880284723	0.8966578452
	0.1833127899	0.01313468909	0.00271977905	2.649469503e-05	2.291313834e-05
	4.368491347e-05	3.149308233e-05	0.000828248479	0.0003725227875	0.0001809783233
	0.0001052150535	6.275431625e-05	0.9983832313	0.9985256296	0.9984823695
	0.9980818143	0.9983832313	0.9985256296	0.997560567	0.9965797944
	0.9980818143	0.9984823695	0.9965797944	0.997560567	0.9958092516
	0.9943234521	0.9822699844	0.992336609	0.6840973777	0.9460323596
	0.1572547878	0.03196214736	0.9943234521	0.9958092516	0.008758544174
	0.004189677753	0.002197990834	0.001744078731	0.00167148511	0.002690148844
	0.992336609	0.9822699844	0.9460323596	0.6840973777	0.1572547878
	0.03196214736	0.03915326558	0.00632495276	0.008758544174	0.004189677753
	0.002197990834	0.001744078731	0.3916379625	0.942872462	0.002690148844
	0.00167148511	0.9923922566	0.9962869751	0.03915326558	0.00632495276
	0.3916379625	0.942872462	0.9962869751	0.9923922566	0.996186824
	0.9880284723	0.8966578452	0.1833127899	0.996186824	0.9880284723
	0.00271977905	0.01313468909	0.8966578452	0.1833127899	0.01313468909
	0.00271977905	0.0003725227875	0.000828248479	0.000828248479	0.0003725227875
	0.0001809783233	0.0001052150535	0.0001052150535	0.0001809783233	6.275431625e-05
	4.368491347e-05	3.149308233e-05	2.649469503e-05	6.275431625e-05	4.368491347e-05
	2.649469503e-05	3.149308233e-05	2.291313834e-05	2.291313834e-05	2.273526219e-05
	0.9983832313	0.9983832313	0.9983832313	0.9983832313	0.9987192399
	0.9987192399	0.9987192399	0.9987192399	0.6745651414	0.8362003341
	0.7407965692	0.9767896717	0.940244301	0.9917418339	0.9959356741
	0.9985256296	0.9978514929	0.6745651414	0.7407965692	0.8362003341
	0.940244301	0.9767896717	0.9917418339	0.9959356741	0.9978514929
	0.9985256296	0.8362003341	0.7407965692	0.9767896717	0.940244301
	0.9959356741	0.9917418339	0.9985256296	0.9978514929	0.8362003341
	0.7407965692	0.9767896717	0.940244301	0.9917418339	0.9959356741
	0.9985256296	0.9978514929	0.9987993563	0.9988740306	0.998304872
	0.9986540277	0.9988740306	0.9987993563	0.9975297753	0.9979957584
	0.9986540277	0.998304872	0.9979957584	0.9975297753	0.9966703043
	0.9973271663	0.9889736089	0.9954071857	0.9973271663	0.9966703043
	0.7736066149	0.9636308536	0.9954071857	0.9889736089	0.9636308536
	0.7736066149	0.07235899549	0.2589522211	0.008476210506	0.0192122142
	0.004251335061	0.004579401306	0.01371063982	0.005131213542	0.6658426783
	0.07731924882	0.9935625157	0.9714986875	0.9963951132	0.9969670352
	0.9253471459	0.9915196181	0.2589522211	0.07235899549	0.0192122142
	0.008476210506	0.280530933	0.02327986454	0.004579401306	0.004251335061
	0.001069500683	0.003359155455	0.0002256179719	0.000426791874	0.005131213542
	0.01371063982	8.510485289e-05	0.0001266032353	0.07731924882	0.6658426783
	4.89194592e-05	5.961127148e-05	3.898962036e-05	4.098732175e-05	0.9714986875
	0.9935625157	3.898962036e-05	3.688547975e-05	0.9963951132	0.9969670352
	0.9915196181	0.9253471459	0.280530933	0.02327986454	0.003359155455
	0.001069500683	4.098732175e-05	4.89194592e-05	5.961127148e-05	8.510485289e-05
	0.000426791874	0.0002256179719	0.0001266032353	0.9987993563	0.9988740306
	0.9986540277	0.998304872	0.9988740306	0.9987993563	0.9975297753
	0.9979957584	0.998304872	0.9986540277	0.9979957584	0.9975297753
	0.9973271663	0.9966703043	0.9954071857	0.9889736089	0.7736066149
	0.9636308536	0.2589522211	0.07235899549	0.9973271663	0.9966703043
	0.008476210506	0.0192122142	0.004579401306	0.004251335061	0.005131213542
	0.01371063982	0.9889736089	0.9954071857	0.7736066149	0.9636308536
	0.07235899549	0.2589522211	0.6658426783	0.07731924882	0.0192122142
	0.008476210506	0.004251335061	0.004579401306	0.9714986875	0.9935625157
	0.005131213542	0.01371063982	0.9969670352	0.9963951132	0.07731924882
	0.6658426783	0.9935625157	0.9714986875	0.9969670352	0.9963951132
	0.9915196181	0.9253471459	0.280530933	0.02327986454	0.9915196181
	0.9253471459	0.003359155455	0.001069500683	0.280530933	0.02327986454
	0.003359155455	0.001069500683	0.0002256179719	0.000426791874	0.0002256179719
	0.000426791874	0.0001266032353	8.510485289e-05	0.0001266032353	8.510485289e-05
	5.961127148e-05	4.89194592e-05	3.898962036e-05	4.098732175e-05	5.961127148e-05
	4.89194592e-05	4.098732175e-05	3.898962036e-05	3.688547975e-05	0.9988740306
	0.9988740306	0.9988740306	0.9988740306	0.998935098	0.998935098
	0.998935098	0.998935098	0.2508175152	0.2003905356	0.2508175152
	0.4202551186	0.7320818528	0.9394687477	0.9837851523	0.9948277061
	0.9974284176	0.9984823695	0.9987993563	0.2508175152	0.2508175152
	0.2003905356	0.7320818528	0.4202551186	0.9394687477	0.9837851523
	0.9974284176	0.9948277061	0.9984823695	0.9987993563	0.7320818528
	0.4202551186	0.9837851523	0.9394687477	0.9974284176	0.9948277061
	0.9987993563	0.9984823695	0.7320818528	0.4202551186	0.9837851523
	0.9394687477	0.9974284176	0.9948277061	0.9987993563	0.9984823695
	0.998659433	0.9988936124	0.997923994	0.9983784405	0.9988936124
	0.998659433	0.9975932107	0.9977050693	0.997923994	0.9983784405
	0.9977050693	0.9975932107	0.9975906474	0.9978173201	0.992297167
	0.9967383516	0.9978173201	0.9975906474	0.8875276671	0.9767646215
	0.9967383516	0.992297167	0.9767646215	0.8875276671	0.2042987859
	0.6034087377	0.0242203673	0.04982672049	0.01675265727	0.01446925982
	0.1934696459	0.02998388675	0.9815368817	0.854968481	0.9967732583
	0.9950080204	0.9929165399	0.9969103623	0.5852104307	0.965099771
	0.6034087377	0.2042987859	0.04982672049	0.0242203673	0.005364223938
	0.04341574034	0.01446925982	0.01675265727	0.0005593862111	0.001311466857
	0.0001752603067	0.0002773118956	0.1934696459	0.02998388675	9.427172565e-05
	0.0001177266824	0.854968481	0.9815368817	7.182523117e-05	7.717078363e-05
	6.6791858e-05	6.586970651e-05	0.9950080204	0.9967732583	7.182523117e-05
	6.586970651e-05	0.9969103623	0.9929165399	0.965099771	0.5852104307
	0.04341574034	0.005364223938	0.001311466857	0.0005593862111	9.427172565e-05
	7.717078363e-05	0.0001177266824	0.0002773118956	0.0001752603067	0.9988936124
	0.998659433	0.997923994	0.9983784405	0.9988936124	0.998659433
	0.9977050693	0.9975932107	0.997923994	0.9983784405	0.9977050693
	0.9975932107	0.9975906474	0.9978173201	0.9967383516	0.992297167
	0.8875276671	0.9767646215	0.2042987859	0.6034087377	0.9975906474
	0.9978173201	0.04982672049	0.0242203673	0.01446925982	0.01675265727
	0.1934696459	0.02998388675	0.9967383516	0.992297167	0.9767646215
	0.8875276671	0.6034087377	0.2042987859	0.854968481	0.9815368817
	0.0242203673	0.04982672049	0.01446925982	0.01675265727	0.9950080204
	0.9967732583	0.1934696459	0.02998388675	0.9969103623	0.9929165399
	0.9815368817	0.854968481	0.9967732583	0.9950080204	0.9969103623
	0.9929165399	0.965099771	0.5852104307	0.005364223938	0.04341574034
	0.965099771	0.5852104307	0.0005593862111	0.001311466857	0.005364223938
	0.04341574034	0.001311466857	0.0005593862111	0.0001752603067	0.0002773118956
	0.0002773118956	0.0001752603067	0.0001177266824	9.427172565e-05	0.0001177266824
	9.427172565e-05	7.182523117e-05	7.717078363e-05	6.586970651e-05	6.6791858e-05
	7.182523117e-05	7.717078363e-05	6.586970651e-05	0.9988936124	0.9988936124
	0.9988936124	0.9988936124	0.9987108262	0.9987108262	0.9987108262
	0.9987108262	0.06035869295	0.0252110743	0.02828893519	0.06035869295
	0.02828893519	0.6624647425	0.1763969463	0.9504210173	0.989134385
	0.9980818143	0.9964978556	0.9986540277	0.998659433	0.06035869295
	0.0252110743	0.02828893519	0.02828893519	0.06035869295	0.1763969463
	0.6624647425	0.9504210173	0.989134385	0.9964978556	0.9980818143
	0.9986540277	0.998659433	0.6624647425	0.1763969463	0.989134385
	0.9504210173	0.9980818143	0.9964978556	0.998659433	0.9986540277
	0.6624647425	0.1763969463	0.9504210173	0.989134385	0.9980818143
	0.9964978556	0.998659433	0.9986540277	0.9976631234	0.9983561183
	0.9960311203	0.9967494299	0.9983561183	0.9976631234	0.9975225343
	0.9965503486	0.9967494299	0.9960311203	0.9965503486	0.9975225343
	0.9982764056	0.9983201318	0.9949860505	0.9976541358	0.9983201318
	0.9982764056	0.9598323542	0.9884156727	0.9976541358	0.9949860505
	0.9884156727	0.9598323542	0.4891644514	0.8566010822	0.1335675481
	0.2152960472	0.1224827975	0.0798660106	0.9207203007	0.3796283787
	0.9940464723	0.9879367736	0.9964903483	0.9960144171	0.9764014103
	0.9946855622	0.7775481652	0.08200066434	0.8566010822	0.4891644514
	0.2152960472	0.1335675481	0.00184909597	0.006990081834	0.0798660106
	0.1224827975	0.0003973459997	0.0007071917936	0.0001920244734	0.0002482010449
	0.3796283787	0.9207203007	0.0001401950452	0.0001530275338	0.9879367736
	0.9940464723	0.0001251871217	0.0001259445198	0.0001251871217	0.0001195948654
	0.9964903483	0.9960144171	0.0001259445198	0.0001401950452	0.9946855622
	0.9764014103	0.08200066434	0.7775481652	0.006990081834	0.00184909597
	0.0007071917936	0.0003973459997	0.0001530275338	0.0001920244734	0.0002482010449
	0.9983561183	0.9976631234	0.9960311203	0.9967494299	0.9976631234
	0.9983561183	0.9965503486	0.9975225343	0.9967494299	0.9960311203
	0.9965503486	0.9975225343	0.9983201318	0.9982764056	0.9949860505
	0.9976541358	0.9884156727	0.9598323542	0.8566010822	0.4891644514
	0.9982764056	0.9983201318	0.2152960472	0.1335675481	0.0798660106
	0.1224827975	0.3796283787	0.9207203007	0.9976541358	0.9949860505
	0.9598323542	0.9884156727	0.8566010822	0.4891644514	0.9940464723
	0.9879367736	0.2152960472	0.1335675481	0.0798660106	0.1224827975
	0.9960144171	0.9964903483	0.3796283787	0.9207203007	0.9946855622
	0.9764014103	0.9879367736	0.9940464723	0.9960144171	0.9964903483
	0.9764014103	0.9946855622	0.08200066434	0.7775481652	0.00184909597
	0.006990081834	0.08200066434	0.7775481652	0.0003973459997	0.0007071917936
	0.006990081834	0.00184909597	0.0007071917936	0.0003973459997	0.0002482010449
	0.0001920244734	0.0001920244734	0.0002482010449	0.0001530275338	0.0001401950452
	0.0001401950452	0.0001530275338	0.0001251871217	0.0001259445198	0.0001195948654
	0.0001259445198	0.0001251871217	0.9983561183	0.9983561183	0.9983561183
	0.9975411316	0.9983561183	0.9975411316	0.9975411316	0.9975411316
	0.0323618734	0.009750669126	0.006126918973	0.004687124155	0.006126918973
	0.009750669126	0.0323618734	0.1646836496	0.7585131602	0.9737146722
	0.9938971785	0.997560567	0.998304872	0.9983784405	0.9976631234
	0.0323618734	0.009750669126	0.006126918973	0.006126918973	0.004687124155
	0.0323618734	0.009750669126	0.1646836496	0.7585131602	0.9938971785
	0.9737146722	0.997560567	0.998304872	0.9983784405	0.9976631234
	0.7585131602	0.1646836496	0.9938971785	0.9737146722	0.998304872
	0.997560567	0.9976631234	0.9983784405	0.1646836496	0.7585131602
	0.9737146722	0.9938971785	0.998304872	0.997560567	0.9976631234
	0.9983784405	0.9939558577	0.9961483403	0.9946640147	0.9915522405
	0.9939558577	0.9961483403	0.9984814877	0.9970499908	0.9915522405
	0.9946640147	0.9970499908	0.9984814877	0.9987658553	0.9989389576
	0.9969226309	0.9983249966	0.9987658553	0.9989389576	0.9850621227
	0.9943437231	0.9969226309	0.9983249966	0.9943437231	0.9850621227
	0.9022893719	0.9610233947	0.5794822795	0.8069603553	0.7570311566
	0.4771239028	0.9887690112	0.9654761205	0.9932340239	0.9914081126
	0.9946576097	0.9959482426	0.8277220135	0.9843846358	0.0110448319
	0.1105678109	0.9610233947	0.9022893719	0.8069603553	0.5794822795
	0.001080212447	0.002432569107	0.7570311566	0.4771239028	0.0004300370476
	0.0005889108055	0.0002963197121	0.0003289787726	0.9654761205	0.9887690112
	0.0002558542031	0.0002606396881	0.9914081126	0.9932340239	0.0002455794314
	0.0002390439564	0.0002558542031	0.0002390439564	0.9959482426	0.9946576097
	0.0002606396881	0.0002963197121	0.9843846358	0.8277220135	0.1105678109
	0.0110448319	0.002432569107	0.001080212447	0.0005889108055	0.0003289787726
	0.0004300370476	0.9961483403	0.9939558577	0.9946640147	0.9915522405
	0.9939558577	0.9961483403	0.9970499908	0.9984814877	0.9915522405
	0.9946640147	0.9984814877	0.9970499908	0.9987658553	0.9989389576
	0.9969226309	0.9983249966	0.9850621227	0.9943437231	0.9022893719
	0.9610233947	0.9989389576	0.9987658553	0.5794822795	0.8069603553
	0.4771239028	0.7570311566	0.9654761205	0.9887690112	0.9983249966
	0.9969226309	0.9850621227	0.9943437231	0.9610233947	0.9022893719
	0.9914081126	0.9932340239	0.8069603553	0.5794822795	0.4771239028
	0.7570311566	0.9946576097	0.9959482426	0.9887690112	0.9654761205
	0.8277220135	0.9843846358	0.9914081126	0.9932340239	0.9959482426
	0.9946576097	0.8277220135	0.9843846358	0.0110448319	0.1105678109
	0.002432569107	0.001080212447	0.0110448319	0.1105678109	0.0005889108055
	0.0004300370476	0.001080212447	0.002432569107	0.0005889108055	0.0004300370476
	0.0003289787726	0.0002963197121	0.0003289787726	0.0002963197121	0.0002606396881
	0.0002558542031	0.0002606396881	0.0002558542031	0.0002455794314	0.0002390439564
	0.0002390439564	0.9961483403	0.9961483403	0.9961483403	0.9938722835
	0.9961483403	0.9938722835	0.9938722835	0.9938722835	0.04384002352
	0.00825867583	0.003524463236	0.001798749462	0.001984430205	0.003524463236
	0.001984430205	0.04384002352	0.00825867583	0.3367444942	0.9254401225
	0.9965797944	0.9905773426	0.9979957584	0.997923994	0.9967494299
	0.9939558577	0.04384002352	0.00825867583	0.003524463236	0.001798749462
	0.001984430205	0.001984430205	0.003524463236	0.00825867583	0.04384002352
	0.3367444942	0.9254401225	0.9905773426	0.9965797944	0.9979957584
	0.997923994	0.9967494299	0.9939558577	0.9254401225	0.3367444942
	0.9965797944	0.9905773426	0.997923994	0.9979957584	0.9939558577
	0.9967494299	0.3367444942	0.9254401225	0.9965797944	0.9905773426
	0.9979957584	0.997923994	0.9939558577	0.9967494299	0.9943255512
	0.9920320281	0.9980497958	0.9965419103	0.9920320281	0.9943255512
	0.9991300115	0.9988867315	0.9965419103	0.9980497958	0.9988867315
	0.9991300115	0.998998564	0.9991890624	0.9980403186	0.9987416299
	0.9991890624	0.998998564	0.994426391	0.9970466243	0.9980403186
	0.9987416299	0.9970466243	0.994426391	0.9825024183	0.9913679668
	0.9424672958	0.966387203	0.9846643532	0.9573459786	0.9898287849
	0.9913813773	0.9951603146	0.9905829279	0.9854895149	0.9953534387
	0.8776694054	0.1654861033	0.004190398717	0.01484788542	0.9913679668
	0.9825024183	0.966387203	0.9424672958	0.001154632638	0.001754790428
	0.9846643532	0.9573459786	0.000722830367	0.000820973186	0.0005992263597
	0.000616055699	0.9913813773	0.9898287849	0.0005542089457	0.0005451780327
	0.9951603146	0.9905829279	0.0005542089457	0.0005248459798	0.0005992263597
	0.0005451780327	0.9953534387	0.9854895149	0.000616055699	0.000722830367
	0.1654861033	0.8776694054	0.01484788542	0.004190398717	0.001754790428
	0.001154632638	0.000820973186	0.9943255512	0.9920320281	0.9965419103
	0.9980497958	0.9920320281	0.9943255512	0.9988867315	0.9991300115
	0.9965419103	0.9980497958	0.9991300115	0.9988867315	0.998998564
	0.9991890624	0.9987416299	0.9980403186	0.9970466243	0.994426391
	0.9913679668	0.9825024183	0.998998564	0.9991890624	0.966387203
	0.9424672958	0.9846643532	0.9573459786	0.9913813773	0.9898287849
	0.9987416299	0.9980403186	0.994426391	0.9970466243	0.9825024183
	0.9913679668	0.9951603146	0.9905829279	0.9424672958	0.966387203
	0.9846643532	0.9573459786	0.9953534387	0.9854895149	0.9898287849
	0.9913813773	0.1654861033	0.8776694054	0.9951603146	0.9905829279
	0.9854895149	0.9953534387	0.8776694054	0.1654861033	0.004190398717
	0.01484788542	0.001154632638	0.001754790428	0.01484788542	0.004190398717
	0.000820973186	0.000722830367	0.001154632638	0.001754790428	0.000722830367
	0.000820973186	0.000616055699	0.0005992263597	0.0005992263597	0.000616055699
	0.0005542089457	0.0005451780327	0.0005451780327	0.0005542089457	0.0005248459798
	0.9920320281	0.9920320281	0.9920320281	0.9920320281	0.995125755
	0.995125755	0.995125755	0.995125755	0.1726776845	0.01555768932
	0.004061988774	0.001580828842	0.001029129822	0.0008338049724	0.001029129822
	0.001580828842	0.004061988774	0.01555768932	0.1726776845	0.8676902306
	0.9843083138	0.9958092516	0.9975297753	0.9977050693	0.9960311203
	0.9915522405	0.9943255512	0.1726776845	0.01555768932	0.004061988774
	0.001580828842	0.001029129822	0.001029129822	0.0008338049724	0.004061988774
	0.001580828842	0.01555768932	0.1726776845	0.9843083138	0.8676902306
	0.9958092516	0.9975297753	0.9977050693	0.9960311203	0.9915522405
	0.9943255512	0.9843083138	0.8676902306	0.9975297753	0.9958092516
	0.9960311203	0.9977050693	0.9943255512	0.9915522405	0.9843083138
	0.8676902306	0.9975297753	0.9958092516	0.9977050693	0.9960311203
	0.9943255512	0.9915522405	0.9981864691	0.997258969	0.9989524294
	0.9987522304	0.997258969	0.9981864691	0.9991086617	0.9991161683
	0.9987522304	0.9989524294	0.9991161683	0.9991086617	0.9990401957
	0.9991431555	0.9986689861	0.9989679748	0.9991431555	0.9990401957
	0.9976567193	0.9983684464	0.9989679748	0.9986689861	0.9983684464
	0.9976567193	0.9947912505	0.9968819197	0.99023607	0.9925987644
	0.9924543123	0.9920012119	0.991600566	0.9908268584	0.9952769589
	0.9952301664	0.9064656182	0.9896080156	0.03238335181	0.2353874596
	0.00443556766	0.008237524218	0.9968819197	0.9947912505	0.99023607
	0.9925987644	0.002335738654	0.002763526279	0.9920012119	0.9924543123
	0.001820174857	0.001893932635	0.00160217701	0.001594793706	0.9908268584
	0.991600566	0.001530675626	0.001462491802	0.9952301664	0.9952769589
	0.00160217701	0.001462491802	0.001820174857	0.001594793706	0.9896080156
	0.9064656182	0.001893932635	0.002335738654	0.2353874596	0.03238335181
	0.008237524218	0.00443556766	0.002763526279	0.9981864691	0.997258969
	0.9987522304	0.9989524294	0.9981864691	0.997258969	0.9991086617
	0.9991161683	0.9989524294	0.9987522304	0.9991086617	0.9991161683
	0.9991431555	0.9990401957	0.9986689861	0.9989679748	0.9983684464
	0.9976567193	0.9968819197	0.9947912505	0.9991431555	0.9990401957
	0.9925987644	0.99023607	0.9924543123	0.9920012119	0.991600566
	0.9908268584	0.9989679748	0.9986689861	0.9983684464	0.9976567193
	0.9947912505	0.9968819197	0.9952769589	0.9952301664	0.9925987644
	0.99023607	0.9920012119	0.9924543123	0.9896080156	0.9064656182
	0.991600566	0.9908268584	0.2353874596	0.03238335181	0.9952301664
	0.9952769589	0.9896080156	0.9064656182	0.2353874596	0.03238335181
	0.008237524218	0.00443556766	0.002763526279	0.002335738654	0.008237524218
	0.00443556766	0.001893932635	0.001820174857	0.002763526279	0.002335738654
	0.001893932635	0.001820174857	0.001594793706	0.00160217701	0.00160217701
	0.001594793706	0.001462491802	0.001530675626	0.001462491802	0.997258969
	0.997258969	0.997258969	0.997258969	0.9983011628	0.9983011628
	0.9983011628	0.9983011628	0.7741201447	0.7741201447	0.09092444923
	0.009704325224	0.002209897272	0.000999115721	0.0005176905246	0.0005831928231
	0.000999115721	0.0005831928231	0.009704325224	0.002209897272	0.09092444923
	0.7741201447	0.9943234521	0.9795178558	0.9973271663	0.9975932107
	0.9965503486	0.9946640147	0.9965419103	0.9981864691	0.09092444923
	0.009704325224	0.000999115721	0.002209897272	0.0005176905246	0.0005831928231
	0.0005831928231	0.000999115721	0.002209897272	0.009704325224	0.09092444923
	0.7741201447	0.9795178558	0.9943234521	0.9973271663	0.9975932107
	0.9946640147	0.9965503486	0.9965419103	0.9981864691	0.9943234521
	0.9795178558	0.9975932107	0.9973271663	0.9946640147	0.9965503486
	0.9981864691	0.9965419103	0.9943234521	0.9795178558	0.9975932107
	0.9973271663	0.9946640147	0.9965503486	0.9965419103	0.9981864691
	0.9986028291	0.9987076362	0.9983359291	0.9985276089	0.9987076362
	0.9986028291	0.9985939085	0.9985080185	0.9985276089	0.9983359291
	0.9985939085	0.9985080185	0.9989548352	0.9988608574	0.9990205799
	0.9990790734	0.9988608574	0.9989548352	0.9987166114	0.9989827139
	0.9990790734	0.9990205799	0.9989827139	0.9987166114	0.9975115464
	0.9984053062	0.9950070687	0.9962374547	0.9937056828	0.9943829782
	0.9949834868	0.9932794216	0.9912510637	0.9958956069	0.9482945048
	0.4648074045	0.03410438141	0.08339270488	0.01355179383	0.01659758692
	0.9984053062	0.9975115464	0.9950070687	0.9962374547	0.00960402529
	0.009846470722	0.9943829782	0.9937056828	0.007816556687	0.007698274049
	0.006870669387	0.006527001499	0.9949834868	0.9932794216	0.006870669387
	0.006099319938	0.9912510637	0.9958956069	0.006527001499	0.007816556687
	0.00960402529	0.007698274049	0.9482945048	0.4648074045	0.009846470722
	0.01355179383	0.03410438141	0.08339270488	0.01659758692	0.9987076362
	0.9986028291	0.9985276089	0.9983359291	0.9986028291	0.9987076362
	0.9985080185	0.9985939085	0.9983359291	0.9985276089	0.9985939085
	0.9985080185	0.9988608574	0.9989548352	0.9990790734	0.9990205799
	0.9987166114	0.9989827139	0.9984053062	0.9975115464	0.9989548352
	0.9988608574	0.9950070687	0.9962374547	0.9943829782	0.9937056828
	0.9932794216	0.9949834868	0.9990205799	0.9990790734	0.9987166114
	0.9989827139	0.9975115464	0.9984053062	0.9912510637	0.9958956069
	0.9950070687	0.9962374547	0.9937056828	0.9943829782	0.9482945048
	0.4648074045	0.9949834868	0.9932794216	0.03410438141	0.08339270488
	0.9958956069	0.9912510637	0.4648074045	0.9482945048	0.03410438141
	0.08339270488	0.01659758692	0.01355179383	0.009846470722	0.00960402529
	0.01355179383	0.01659758692	0.007698274049	0.007816556687	0.00960402529
	0.009846470722	0.007816556687	0.007698274049	0.006870669387	0.006527001499
	0.006527001499	0.006870669387	0.006099319938	0.9987076362	0.9987076362
	0.9987076362	0.9983990445	0.9987076362	0.9983990445	0.9983990445
	0.9983990445	0.9568765815	0.6256922157	0.05138596461	0.9568765815
	0.6256922157	0.05138596461	0.005204259964	0.001523389868	0.0006344204788
	0.0004055828004	0.0003290052487	0.0004055828004	0.0006344204788	0.001523389868
	0.005204259964	0.05138596461	0.6256922157	0.9568765815	0.992336609
	0.9966703043	0.9978173201	0.9975225343	0.9970499908	0.9980497958
	0.9987522304	0.9986028291	0.005204259964	0.001523389868	0.0006344204788
	0.0004055828004	0.0004055828004	0.0003290052487	0.001523389868	0.0006344204788
	0.005204259964	0.05138596461	0.9568765815	0.6256922157	0.992336609
	0.9966703043	0.9978173201	0.9975225343	0.9970499908	0.9980497958
	0.9986028291	0.9987522304	0.9966703043	0.992336609	0.9975225343
	0.9978173201	0.9980497958	0.9970499908	0.9986028291	0.9987522304
	0.9966703043	0.992336609	0.9975225343	0.9978173201	0.9980497958
	0.9970499908	0.9987522304	0.9986028291	0.995376408	0.9975221132
	0.9944925301	0.9943827517	0.9975221132	0.995376408	0.9972608116
	0.9961695528	0.9943827517	0.9944925301	0.9972608116	0.9961695528
	0.9987880749	0.9983545298	0.9991935862	0.9991141001	0.9983545298
	0.9987880749	0.9991000835	0.9992452547	0.9991141001	0.9991935862
	0.9992452547	0.9991000835	0.9981289213	0.9988454965	0.9961088981
	0.9970781787	0.9952624984	0.9954862842	0.9961992112	0.9956813033
	0.977123375	0.9947009326	0.4794864558	0.8017628989	0.1933083693
	0.2564731794	0.1315261213	0.1433307046	0.9981289213	0.9988454965
	0.9970781787	0.9961088981	0.09925218408	0.1057349604	0.9954862842
	0.9952624984	0.0768246724	0.08019123092	0.06818920514	0.06466815595
	0.9956813033	0.9961992112	0.0768246724	0.06466815595	0.9947009326
	0.977123375	0.08019123092	0.09925218408	0.1057349604	0.1315261213
	0.8017628989	0.4794864558	0.1433307046	0.2564731794	0.1933083693
	0.995376408	0.9975221132	0.9944925301	0.9943827517	0.9975221132
	0.995376408	0.9972608116	0.9961695528	0.9944925301	0.9943827517
	0.9961695528	0.9972608116	0.9987880749	0.9983545298	0.9991935862
	0.9991141001	0.9992452547	0.9991000835	0.9988454965	0.9981289213
	0.9983545298	0.9987880749	0.9961088981	0.9970781787	0.9954862842
	0.9952624984	0.9961992112	0.9956813033	0.9991141001	0.9991935862
	0.9991000835	0.9992452547	0.9981289213	0.9988454965	0.977123375
	0.9947009326	0.9970781787	0.9961088981	0.9954862842	0.9952624984
	0.4794864558	0.8017628989	0.9956813033	0.9961992112	0.2564731794
	0.1933083693	0.977123375	0.9947009326	0.4794864558	0.8017628989
	0.2564731794	0.1933083693	0.1433307046	0.1315261213	0.09925218408
	0.1057349604	0.1433307046	0.1315261213	0.0768246724	0.08019123092
	0.1057349604	0.09925218408	0.0768246724	0.08019123092	0.06818920514
	0.06466815595	0.06466815595	0.9975221132	0.9975221132	0.9975221132
	0.9916637637	0.9975221132	0.9916637637	0.9916637637	0.9916637637
	0.9822699844	0.8894051996	0.2640963488	0.01886972918	0.003216801396
	0.003216801396	0.9822699844	0.8894051996	0.2640963488	0.01886972918
	0.0009522956739	0.0004625942289	0.0002409772067	0.0002749869393	0.0004625942289
	0.0002749869393	0.003216801396	0.0009522956739	0.01886972918	0.2640963488
	0.9822699844	0.8894051996	0.9954071857	0.9975906474	0.9983201318
	0.9984814877	0.9988867315	0.9989524294	0.995376408	0.9985276089
	0.0004625942289	0.0009522956739	0.0002409772067	0.0002749869393	0.0002749869393
	0.0004625942289	0.0009522956739	0.003216801396	0.01886972918	0.2640963488
	0.8894051996	0.9822699844	0.9954071857	0.9975906474	0.9983201318
	0.9984814877	0.9988867315	0.9989524294	0.9985276089	0.995376408
	0.9975906474	0.9954071857	0.9984814877	0.9983201318	0.9989524294
	0.9988867315	0.995376408	0.9985276089	0.9975906474	0.9954071857
	0.9984814877	0.9983201318	0.9989524294	0.9988867315	0.995376408
	0.9985276089	0.9434805367	0.969120817	0.9691377356	0.9526712756
	0.969120817	0.9434805367	0.9948617814	0.9882342223	0.9691377356
	0.9526712756	0.9882342223	0.9948617814	0.998560404	0.9976624066
	0.9992501005	0.9990868804	0.9976624066	0.998560404	0.9992227374
	0.9993382498	0.9990868804	0.9992501005	0.9993382498	0.9992227374
	0.9984093361	0.9989852094	0.9969236462	0.9976039224	0.9966934861
	0.9965558299	0.9963664244	0.9969377809	0.9931857835	0.9787005202
	0.9230461064	0.9547282643	0.8786432899	0.904697099	0.8347368372
	0.8695499893	0.9984093361	0.9989852094	0.9976039224	0.9969236462
	0.7682037471	0.8155417278	0.9966934861	0.9965558299	0.6997821104
	0.7401785093	0.6997821104	0.6969644128	0.9969377809	0.9963664244
	0.7401785093	0.7682037471	0.9931857835	0.9787005202	0.8347368372
	0.8155417278	0.8695499893	0.8786432899	0.9230461064	0.9547282643
	0.904697099	0.969120817	0.9434805367	0.9691377356	0.9526712756
	0.9434805367	0.969120817	0.9882342223	0.9948617814	0.9526712756
	0.9691377356	0.9948617814	0.9882342223	0.9976624066	0.998560404
	0.9990868804	0.9992501005	0.9992227374	0.9993382498	0.9984093361
	0.9989852094	0.9976624066	0.998560404	0.9969236462	0.9976039224
	0.9966934861	0.9965558299	0.9969377809	0.9963664244	0.9990868804
	0.9992501005	0.9992227374	0.9993382498	0.9984093361	0.9989852094
	0.9787005202	0.9931857835	0.9969236462	0.9976039224	0.9965558299
	0.9966934861	0.9547282643	0.9230461064	0.9969377809	0.9963664244
	0.904697099	0.8786432899	0.9931857835	0.9787005202	0.9230461064
	0.9547282643	0.8786432899	0.904697099	0.8347368372	0.8695499893
	0.7682037471	0.8155417278	0.8347368372	0.8695499893	0.7401785093
	0.6997821104	0.7682037471	0.8155417278	0.6997821104	0.7401785093
	0.6969644128	0.969120817	0.969120817	0.969120817	0.969120817
	0.7845391552	0.7845391552	0.7845391552	0.7845391552	0.9889736089
	0.9460323596	0.5549740932	0.05640656059	0.007260141575	0.001631251956
	0.000653634643	0.000653634643	0.007260141575	0.001631251956	0.9889736089
	0.9460323596	0.5549740932	0.05640656059	0.0003129487024	0.0002064907478
	0.0001691565944	0.0002064907478	0.0003129487024	0.000653634643	0.001631251956
	0.007260141575	0.05640656059	0.5549740932	0.9460323596	0.9889736089
	0.9967383516	0.9982764056	0.9989389576	0.9991300115	0.9991161683
	0.9983359291	0.9943827517	0.9434805367	0.0003129487024	0.0002064907478
	0.0002064907478	0.0001691565944	0.000653634643	0.0003129487024	0.001631251956
	0.007260141575	0.5549740932	0.05640656059	0.9460323596	0.9889736089
	0.9967383516	0.9982764056	0.9989389576	0.9991300115	0.9983359291
	0.9991161683	0.9943827517	0.9434805367	0.9982764056	0.9967383516
	0.9991300115	0.9989389576	0.9983359291	0.9991161683	0.9434805367
	0.9943827517	0.9982764056	0.9967383516	0.9989389576	0.9991300115
	0.9991161683	0.9983359291	0.9434805367	0.9943827517	0.4615607945
	0.474765297	0.8752405351	0.5705684547	0.4615607945	0.474765297
	0.9912389984	0.9743432474	0.5705684547	0.8752405351	0.9743432474
	0.9912389984	0.9982663453	0.9967759923	0.9992240314	0.9989986887
	0.9967759923	0.9982663453	0.9992515544	0.9993412779	0.9989986887
	0.9992240314	0.9992515544	0.9993412779	0.99863089	0.9990685216
	0.997691851	0.9980744052	0.9974952031	0.997522225	0.9969118656
	0.9974407242	0.9937678444	0.9959456905	0.9907146038	0.9929034751
	0.9883334983	0.990700406	0.984414802	0.988116377	0.9990685216
	0.99863089	0.9980744052	0.997691851	0.9783087446	0.9832082245
	0.997522225	0.9974952031	0.9750616903	0.9780736254	0.9783087446
	0.9780736254	0.9974407242	0.9969118656	0.9832082245	0.984414802
	0.9959456905	0.9937678444	0.9883334983	0.988116377	0.990700406
	0.9907146038	0.9929034751	0.474765297	0.4615607945	0.5705684547
	0.8752405351	0.474765297	0.4615607945	0.9912389984	0.9743432474
	0.8752405351	0.5705684547	0.9743432474	0.9912389984	0.9967759923
	0.9982663453	0.9989986887	0.9992240314	0.9993412779	0.9992515544
	0.99863089	0.9990685216	0.9982663453	0.9967759923	0.997691851
	0.9980744052	0.997522225	0.9974952031	0.9974407242	0.9969118656
	0.9992240314	0.9989986887	0.9993412779	0.9992515544	0.9990685216
	0.99863089	0.9937678444	0.9959456905	0.997691851	0.9980744052
	0.997522225	0.9974952031	0.9907146038	0.9929034751	0.9969118656
	0.9974407242	0.990700406	0.9883334983	0.9937678444	0.9959456905
	0.9907146038	0.9929034751	0.990700406	0.9883334983	0.984414802
	0.988116377	0.9783087446	0.9832082245	0.984414802	0.988116377
	0.9750616903	0.9780736254	0.9832082245	0.9783087446	0.9780736254
	0.474765297	0.474765297	0.474765297	0.474765297	0.1618612254
	0.1618612254	0.1618612254	0.1618612254	0.992297167	0.9636308536
	0.6840973777	0.1078178556	0.01361056514	0.002676552069	0.000965019204
	0.0004103015148	0.0002304420781	0.0002304420781	0.000965019204	0.0004103015148
	0.01361056514	0.002676552069	0.992297167	0.9636308536	0.6840973777
	0.1078178556	0.0001299134038	0.0001464631406	0.0002304420781	0.0001464631406
	0.000965019204	0.0004103015148	0.002676552069	0.01361056514	0.6840973777
	0.1078178556	0.9636308536	0.992297167	0.9976541358	0.9987658553
	0.9991890624	0.9991086617	0.9944925301	0.9985080185	0.9526712756
	0.4615607945	0.0001299134038	0.0001464631406	0.0001464631406	0.0002304420781
	0.0004103015148	0.000965019204	0.002676552069	0.01361056514	0.1078178556
	0.6840973777	0.9636308536	0.992297167	0.9976541358	0.9987658553
	0.9991890624	0.9991086617	0.9985080185	0.9944925301	0.9526712756
	0.4615607945	0.9987658553	0.9976541358	0.9991086617	0.9991890624
	0.9944925301	0.9985080185	0.4615607945	0.9526712756	0.9987658553
	0.9976541358	0.9991086617	0.9991890624	0.9944925301	0.9985080185
	0.9526712756	0.4615607945	0.1134139333	0.07856918852	0.7403527779
	0.2692740567	0.07856918852	0.1134139333	0.9856491774	0.9444324422
	0.7403527779	0.2692740567	0.9444324422	0.9856491774	0.9978601637
	0.9956697479	0.9991204587	0.9988218329	0.9956697479	0.9978601637
	0.9992458747	0.9992913173	0.9988218329	0.9991204587	0.9992913173
	0.9992458747	0.9988344827	0.9991345275	0.9982647184	0.9985097066
	0.9977140956	0.997979164	0.9978840271	0.9978675669	0.997773551
	0.9979560377	0.9976008856	0.9978469507	0.9972275757	0.9976115125
	0.9965703101	0.9971401368	0.9988344827	0.9991345275	0.9982647184
	0.9985097066	0.9959788486	0.9964929325	0.9977140956	0.997979164
	0.9959788486	0.9961901596	0.9964929325	0.9965703101	0.9978840271
	0.9978675669	0.9972275757	0.9971401368	0.9979560377	0.997773551
	0.9976115125	0.9976008856	0.9978469507	0.1134139333	0.07856918852
	0.7403527779	0.2692740567	0.1134139333	0.07856918852	0.9444324422
	0.9856491774	0.7403527779	0.2692740567	0.9856491774	0.9444324422
	0.9956697479	0.9978601637	0.9988218329	0.9991204587	0.9992458747
	0.9992913173	0.9988344827	0.9991345275	0.9956697479	0.9978601637
	0.9985097066	0.9982647184	0.997979164	0.9977140956	0.9978840271
	0.9978675669	0.9988218329	0.9991204587	0.9992913173	0.9992458747
	0.9988344827	0.9991345275	0.9979560377	0.997773551	0.9985097066
	0.9982647184	0.997979164	0.9977140956	0.9978469507	0.9976008856
	0.9978840271	0.9978675669	0.9972275757	0.9976115125	0.9979560377
	0.997773551	0.9976008856	0.9978469507	0.9972275757	0.9976115125
	0.9965703101	0.9971401368	0.9964929325	0.9959788486	0.9971401368
	0.9965703101	0.9961901596	0.9964929325	0.9959788486	0.07856918852
	0.07856918852	0.07856918852	0.07856918852	0.0339911558	0.0339911558
	0.0339911558	0.0339911558	0.9949860505	0.9767646215	0.7736066149
	0.1572547878	0.02087560275	0.003913048919	0.001354529842	0.000545932837
	0.0002869646628	0.0001604625587	0.0001138532345	0.0001138532345	0.0002869646628
	0.0001604625587	0.001354529842	0.000545932837	0.02087560275	0.003913048919
	0.9949860505	0.9767646215	0.7736066149	0.1572547878	9.583762073e-05
	0.0001138532345	0.0001604625587	0.0002869646628	0.000545932837	0.001354529842
	0.003913048919	0.02087560275	0.1572547878	0.7736066149	0.9767646215
	0.9949860505	0.9983249966	0.998998564	0.9991431555	0.9985939085
	0.9961695528	0.9691377356	0.5705684547	0.1134139333	0.0001138532345
	9.583762073e-05	0.0002869646628	0.0001604625587	0.000545932837	0.001354529842
	0.02087560275	0.003913048919	0.1572547878	0.7736066149	0.9767646215
	0.9949860505	0.9983249966	0.998998564	0.9985939085	0.9991431555
	0.9961695528	0.9691377356	0.5705684547	0.1134139333	0.998998564
	0.9983249966	0.9985939085	0.9991431555	0.9691377356	0.9961695528
	0.1134139333	0.5705684547	0.998998564	0.9983249966	0.9985939085
	0.9991431555	0.9691377356	0.9961695528	0.1134139333	0.5705684547
	0.04558826849	0.02418042719	0.4652222666	0.1252620425	0.02418042719
	0.04558826849	0.97857005	0.89441119	0.1252620425	0.4652222666
	0.89441119	0.97857005	0.9971148523	0.994078015	0.9989231668
	0.9984748812	0.994078015	0.9971148523	0.9992077512	0.9991923871
	0.9989231668	0.9984748812	0.9991923871	0.9992077512	0.9990059941
	0.9991802197	0.9985925016	0.9988403354	0.9980250564	0.9982631689
	0.9985088518	0.9982163079	0.9988638197	0.9987824809	0.9988803411
	0.9989590659	0.9987394003	0.9988860272	0.9985519765	0.998718257
	0.9991802197	0.9990059941	0.9988403354	0.9985925016	0.9984661891
	0.9985759968	0.9982631689	0.9980250564	0.9985519765	0.9985759968
	0.998718257	0.9987394003	0.9985088518	0.9982163079	0.9988860272
	0.9988803411	0.9987824809	0.9989590659	0.9988638197	0.02418042719
	0.04558826849	0.1252620425	0.4652222666	0.04558826849	0.02418042719
	0.89441119	0.97857005	0.1252620425	0.4652222666	0.89441119
	0.97857005	0.9971148523	0.994078015	0.9984748812	0.9989231668
	0.9991923871	0.9992077512	0.9990059941	0.9991802197	0.994078015
	0.9971148523	0.9985925016	0.9988403354	0.9980250564	0.9982631689
	0.9985088518	0.9982163079	0.9989231668	0.9984748812	0.9991923871
	0.9992077512	0.9991802197	0.9990059941	0.9987824809	0.9988638197
	0.9985925016	0.9988403354	0.9980250564	0.9982631689	0.9988803411
	0.9989590659	0.9985088518	0.9982163079	0.9988860272	0.9987394003
	0.9988638197	0.9987824809	0.9988803411	0.9989590659	0.9988860272
	0.9987394003	0.9985519765	0.998718257	0.9985759968	0.9984661891
	0.9985519765	0.998718257	0.9985759968	0.02418042719	0.02418042719
	0.02418042719	0.02418042719	0.01378552239	0.01378552239	0.01378552239
	0.01378552239	0.9969226309	0.9884156727	0.8875276671	0.2589522211
	0.03196214736	0.005468132994	0.001814949882	0.0007088323903	0.0003645676752
	7.982651406e-05	0.0001947733557	0.0001252421561	8.723758534e-05	7.982651406e-05
	0.0001252421561	8.723758534e-05	0.0003645676752	0.0001947733557	0.001814949882
	0.0007088323903	0.03196214736	0.005468132994	0.9969226309	0.9884156727
	0.8875276671	0.2589522211	0.0001252421561	8.723758534e-05	0.0003645676752
	0.0001947733557	0.0007088323903	0.001814949882	0.03196214736	0.005468132994
	0.2589522211	0.8875276671	0.9884156727	0.9969226309	0.9987416299
	0.9990401957	0.9972608116	0.9988608574	0.9882342223	0.8752405351
	0.2692740567	0.04558826849	8.723758534e-05	0.0001252421561	0.0001947733557
	0.0003645676752	0.0007088323903	0.001814949882	0.005468132994	0.03196214736
	0.2589522211	0.8875276671	0.9884156727	0.9969226309	0.9987416299
	0.9990401957	0.9988608574	0.9972608116	0.9882342223	0.8752405351
	0.2692740567	0.04558826849	0.9990401957	0.9987416299	0.9972608116
	0.9988608574	0.8752405351	0.9882342223	0.04558826849	0.2692740567
	0.9990401957	0.9987416299	0.9972608116	0.9988608574	0.8752405351
	0.9882342223	0.04558826849	0.2692740567	0.01204526525	0.02355647181
	0.3346259247	0.06300839578	0.02355647181	0.01204526525	0.9657866413
	0.8457878535	0.06300839578	0.3346259247	0.8457878535	0.9657866413
	0.995436211	0.9901628965	0.9985817545	0.9978488367	0.9901628965
	0.995436211	0.999095106	0.9990060867	0.9978488367	0.9985817545
	0.9990060867	0.999095106	0.9990749843	0.9991597089	0.9988346554
	0.9990254617	0.998656881	0.998514043	0.9988300428	0.9985487588
	0.9991367454	0.9991020976	0.9991072575	0.9991824868	0.998985661
	0.9990990216	0.9988833834	0.9989813162	0.9990749843	0.9991597089
	0.9988346554	0.9990254617	0.9988833834	0.9989283544	0.998514043
	0.998656881	0.998985661	0.9989813162	0.9990990216	0.9991072575
	0.9985487588	0.9988300428	0.9991824868	0.9991367454	0.9991020976
	0.01204526525	0.02355647181	0.06300839578	0.3346259247	0.01204526525
	0.02355647181	0.9657866413	0.8457878535	0.06300839578	0.3346259247
	0.8457878535	0.9657866413	0.9901628965	0.995436211	0.9985817545
	0.9978488367	0.9990060867	0.999095106	0.9991597089	0.9990749843
	0.9901628965	0.995436211	0.9990254617	0.9988346554	0.998656881
	0.998514043	0.9988300428	0.9985487588	0.9985817545	0.9978488367
	0.999095106	0.9990060867	0.9990749843	0.9991597089	0.9991020976
	0.9991367454	0.9990254617	0.9988346554	0.998656881	0.998514043
	0.9991072575	0.9991824868	0.9988300428	0.9985487588	0.998985661
	0.9990990216	0.9991020976	0.9991367454	0.9991824868	0.9991072575
	0.9990990216	0.998985661	0.9989813162	0.9988833834	0.9988833834
	0.9989283544	0.9989813162	0.01204526525	0.01204526525	0.01204526525
	0.007861306645	0.01204526525	0.007861306645	0.007861306645	0.007861306645
	7.928033363e-05	0.9980403186	0.9943437231	0.9598323542	0.6034087377
	0.07235899549	0.008758544174	0.002540467771	0.0009300225748	0.0004685967327
	0.0002465640004	0.0001546579374	6.98086017e-05	0.0001003064028	7.928033363e-05
	7.928033363e-05	6.98086017e-05	7.928033363e-05	0.0001546579374	0.0001003064028
	0.0004685967327	0.0002465640004	0.002540467771	0.0009300225748	0.07235899549
	0.008758544174	0.9980403186	0.9943437231	0.9598323542	0.6034087377
	0.0001003064028	0.0001546579374	0.0002465640004	0.0004685967327	0.0009300225748
	0.002540467771	0.008758544174	0.07235899549	0.6034087377	0.9598323542
	0.9943437231	0.9980403186	0.9989679748	0.9989548352	0.9983545298
	0.9948617814	0.9743432474	0.7403527779	0.1252620425	0.02355647181
	0.0001546579374	0.0001003064028	0.0002465640004	0.0004685967327	0.002540467771
	0.0009300225748	0.008758544174	0.07235899549	0.6034087377	0.9598323542
	0.9943437231	0.9980403186	0.9989548352	0.9989679748	0.9983545298
	0.9948617814	0.9743432474	0.7403527779	0.1252620425	0.02355647181
	0.9989548352	0.9989679748	0.9948617814	0.9983545298	0.7403527779
	0.9743432474	0.02355647181	0.1252620425	0.9989679748	0.9989548352
	0.9948617814	0.9983545298	0.9743432474	0.7403527779	0.1252620425
	0.02355647181	0.01463546387	0.00746078265	0.2295209029	0.04159590209
	0.00746078265	0.01463546387	0.9095018131	0.7130216653	0.04159590209
	0.2295209029	0.7130216653	0.9095018131	0.9921568478	0.9781099213
	0.9978903588	0.9966870725	0.9921568478	0.9781099213	0.9987560223
	0.9985766064	0.9966870725	0.9978903588	0.9985766064	0.9987560223
	0.9989114383	0.9989340757	0.9987723097	0.9989337232	0.9986125271
	0.9987098314	0.9988254313	0.9987629891	0.9988496854	0.9989270539
	0.9986901097	0.9988542478	0.9984649322	0.9986506682	0.9983657327
	0.9984824134	0.9989340757	0.9989114383	0.9989337232	0.9987723097
	0.9984649322	0.9984824134	0.9986125271	0.9987098314	0.9986506682
	0.9986901097	0.9988542478	0.9988496854	0.9987629891	0.9989270539
	0.9988254313	0.01463546387	0.00746078265	0.2295209029	0.04159590209
	0.00746078265	0.01463546387	0.9095018131	0.7130216653	0.2295209029
	0.04159590209	0.9095018131	0.7130216653	0.9921568478	0.9781099213
	0.9966870725	0.9978903588	0.9985766064	0.9987560223	0.9989114383
	0.9989340757	0.9921568478	0.9781099213	0.9987723097	0.9989337232
	0.9986125271	0.9987098314	0.9988254313	0.9987629891	0.9978903588
	0.9966870725	0.9985766064	0.9987560223	0.9989340757	0.9989114383
	0.9989270539	0.9988496854	0.9987723097	0.9989337232	0.9986125271
	0.9987098314	0.9986901097	0.9988542478	0.9988254313	0.9987629891
	0.9986506682	0.9984649322	0.9989270539	0.9988496854	0.9988542478
	0.9986901097	0.9986506682	0.9984649322	0.9983657327	0.9984824134
	0.9984824134	0.00746078265	0.00746078265	0.00746078265	0.00746078265
	0.005223490554	0.005223490554	0.005223490554	0.005223490554	0.0001008679069
	7.787024631e-05	8.058100479e-05	0.9986689861	0.9970466243	0.9850621227
	0.8566010822	0.2042987859	0.0192122142	0.004189677753	0.001328476874
	0.0006358653962	0.0003279518499	0.0002058159186	0.0001324518224	0.0001008679069
	8.058100479e-05	0.0001008679069	7.787024631e-05	8.058100479e-05	0.0001008679069
	8.058100479e-05	0.0002058159186	0.0001324518224	0.0006358653962	0.0003279518499
	0.004189677753	0.001328476874	0.2042987859	0.0192122142	0.9986689861
	0.9970466243	0.9850621227	0.8566010822	0.0002058159186	0.0001324518224
	0.0003279518499	0.0006358653962	0.004189677753	0.001328476874	0.0192122142
	0.2042987859	0.8566010822	0.9850621227	0.9970466243	0.9986689861
	0.9987880749	0.9990790734	0.9976624066	0.9912389984	0.9444324422
	0.4652222666	0.06300839578	0.01463546387	0.0001324518224	0.0002058159186
	0.0003279518499	0.0006358653962	0.001328476874	0.004189677753	0.0192122142
	0.2042987859	0.8566010822	0.9850621227	0.9970466243	0.9986689861
	0.9990790734	0.9987880749	0.9976624066	0.9912389984	0.9444324422
	0.4652222666	0.01463546387	0.06300839578	0.9987880749	0.9990790734
	0.9912389984	0.9976624066	0.4652222666	0.9444324422	0.06300839578
	0.01463546387	0.9987880749	0.9990790734	0.9976624066	0.9912389984
	0.4652222666	0.9444324422	0.06300839578	0.01463546387	0.009725600098
	0.005119216976	0.09457449377	0.02422958407	0.005119216976	0.009725600098
	0.7657237343	0.2888195705	0.02422958407	0.09457449377	0.2888195705
	0.7657237343	0.9847215875	0.9560651909	0.9959355985	0.9937585592
	0.9560651909	0.9847215875	0.9976693887	0.9972781684	0.9959355985
	0.9937585592	0.9972781684	0.9976693887	0.9981121159	0.9981195456
	0.9981545363	0.9978241578	0.9975297652	0.9977801194	0.9974419273
	0.9976575724	0.997081379	0.9974906241	0.9961556273	0.996922574
	0.9953683594	0.9960525766	0.9953683594	0.9956736775	0.9981121159
	0.9981195456	0.9981545363	0.9978241578	0.9961556273	0.9960525766
	0.9977801194	0.9975297652	0.996922574	0.997081379	0.9974906241
	0.9974419273	0.9976575724	0.005119216976	0.009725600098	0.02422958407
	0.09457449377	0.005119216976	0.009725600098	0.2888195705	0.7657237343
	0.09457449377	0.02422958407	0.7657237343	0.2888195705	0.9560651909
	0.9847215875	0.9937585592	0.9959355985	0.9972781684	0.9976693887
	0.9981121159	0.9981195456	0.9847215875	0.9560651909	0.9981545363
	0.9978241578	0.9975297652	0.9977801194	0.9974419273	0.9976575724
	0.9937585592	0.9959355985	0.9972781684	0.9976693887	0.9981121159
	0.9981195456	0.9974906241	0.997081379	0.9981545363	0.9978241578
	0.9975297652	0.9977801194	0.9961556273	0.996922574	0.9976575724
	0.9974419273	0.9960525766	0.9953683594	0.997081379	0.9974906241
	0.9961556273	0.996922574	0.9960525766	0.9953683594	0.9956736775
	0.005119216976	0.005119216976	0.005119216976	0.003637005952	0.005119216976
	0.003637005952	0.003637005952	0.003637005952	0.0001500160779	0.0001500160779
	0.0001182631004	0.0001084684057	0.0001009482898	0.0001084684057	0.9990205799
	0.9983684464	0.994426391	0.9610233947	0.4891644514	0.04982672049
	0.008476210506	0.002197990834	0.0009637953009	0.0004766857228	0.0002991108435
	0.0001945197937	0.0001500160779	0.0001182631004	0.0001084684057	0.0001182631004
	0.0001009482899	0.0001084684057	0.0001500160779	0.0001182631004	0.0002991108435
	0.0001945197937	0.0009637953009	0.0004766857228	0.008476210506	0.002197990834
	0.4891644514	0.04982672049	0.9990205799	0.9983684464	0.994426391
	0.9610233947	0.0001945197937	0.0002991108435	0.0004766857228	0.0009637953009
	0.002197990834	0.008476210506	0.04982672049	0.4891644514	0.9610233947
	0.994426391	0.9983684464	0.9990205799	0.9991141001	0.998560404
	0.9967759923	0.9856491774	0.89441119	0.3346259247	0.04159590209
	0.009725600098	0.0001945197937	0.0002991108435	0.0009637953009	0.0004766857228
	0.002197990834	0.008476210506	0.04982672049	0.4891644514	0.9610233947
	0.994426391	0.9990205799	0.9983684464	0.9991141001	0.998560404
	0.9967759923	0.9856491774	0.89441119	0.3346259247	0.009725600098
	0.04159590209	0.998560404	0.9991141001	0.9856491774	0.9967759923
	0.3346259247	0.89441119	0.009725600098	0.04159590209	0.9991141001
	0.998560404	0.9856491774	0.9967759923	0.3346259247	0.89441119
	0.009725600098	0.04159590209	0.005809005128	0.003498169602	0.03321543939
	0.01072081951	0.003498169602	0.005809005128	0.572175618	0.1335684952
	0.01072081951	0.03321543939	0.572175618	0.1335684952	0.9559032275
	0.8805592161	0.986926307	0.9814788166	0.8805592161	0.9559032275
	0.9933237255	0.991823541	0.9814788166	0.986926307	0.9933237255
	0.991823541	0.9940139224	0.9947892396	0.991144061	0.993399892
	0.9891072665	0.9910191998	0.9874567859	0.9897031747	0.9821979847
	0.9873238664	0.97170028	0.9785773218	0.9670052624	0.9704826729
	0.9704826729	0.97170028	0.9947892396	0.9940139224	0.993399892
	0.991144061	0.9785773218	0.9821979847	0.9891072665	0.9910191998
	0.9873238664	0.9874567859	0.9897031747	0.005809005128	0.003498169602
	0.01072081951	0.03321543939	0.005809005128	0.003498169602	0.572175618
	0.1335684952	0.01072081951	0.03321543939	0.572175618	0.1335684952
	0.9559032275	0.8805592161	0.986926307	0.9814788166	0.9933237255
	0.991823541	0.9940139224	0.9947892396	0.9559032275	0.8805592161
	0.991144061	0.993399892	0.9910191998	0.9891072665	0.9897031747
	0.9874567859	0.9814788166	0.986926307	0.9933237255	0.991823541
	0.9947892396	0.9940139224	0.9821979847	0.9873238664	0.991144061
	0.993399892	0.9910191998	0.9891072665	0.9785773218	0.97170028
	0.9874567859	0.9897031747	0.9670052624	0.9704826729	0.9821979847
	0.9873238664	0.97170028	0.9785773218	0.9704826729	0.003498169602
	0.003498169602	0.003498169602	0.003498169602	0.002470940965	0.002470940965
	0.002470940965	0.002470940965	0.0001851181807	0.0002531361687	0.0002017455657
	0.0001851181807	0.0002017455657	0.0002531361687	0.0001694214426	0.0001671564269
	0.0001851181807	0.0001671564269	0.9991935862	0.9989827139	0.9976567193
	0.9913679668	0.9022893719	0.2152960472	0.0242203673	0.004579401306
	0.001744078731	0.0007978909193	0.0004930542455	0.0003214244999	0.0002531361687
	0.0002017455657	0.0001694214426	0.0001671564269	0.0001851181807	0.0001671564269
	0.0002531361687	0.0002017455657	0.0004930542455	0.0003214244999	0.001744078731
	0.0007978909193	0.0242203673	0.004579401306	0.9022893719	0.2152960472
	0.9991935862	0.9989827139	0.9976567193	0.9913679668	0.0003214244999
	0.0004930542455	0.001744078731	0.0007978909193	0.004579401306	0.0242203673
	0.2152960472	0.9022893719	0.9913679668	0.9976567193	0.9991935862
	0.9989827139	0.9990868804	0.9982663453	0.9956697479	0.97857005
	0.8457878535	0.2295209029	0.005809005128	0.02422958407	0.0003214244999
	0.0004930542455	0.0007978909193	0.001744078731	0.0242203673	0.004579401306
	0.2152960472	0.9022893719	0.9913679668	0.9976567193	0.9989827139
	0.9991935862	0.9990868804	0.9982663453	0.9956697479	0.97857005
	0.2295209029	0.8457878535	0.02422958407	0.005809005128	0.9982663453
	0.9990868804	0.97857005	0.9956697479	0.2295209029	0.8457878535
	0.005809005128	0.02422958407	0.9990868804	0.9982663453	0.97857005
	0.9956697479	0.8457878535	0.2295209029	0.005809005128	0.02422958407
	0.003335394695	0.002281909789	0.0159047955	0.005595062825	0.002281909789
	0.003335394695	0.203857449	0.05253674919	0.005595062825	0.0159047955
	0.05253674919	0.203857449	0.7598841519	0.5616466596	0.910002272
	0.864521692	0.7598841519	0.5616466596	0.9644934668	0.9555293777
	0.910002272	0.864521692	0.9644934668	0.9555293777	0.9640137458
	0.936545409	0.8854737046	0.9144202232	0.8603119879	0.8798004908
	0.8231261183	0.8583414492	0.6664565611	0.780939761	0.5556728469
	0.6185234111	0.5556728469	0.5631485888	0.6664565611	0.6185234111
	0.9640137458	0.936545409	0.8854737046	0.9144202232	0.780939761
	0.8231261183	0.8798004908	0.8583414492	0.8603119879	0.002281909789
	0.003335394695	0.005595062825	0.0159047955	0.003335394695	0.002281909789
	0.203857449	0.05253674919	0.005595062825	0.0159047955	0.05253674919
	0.203857449	0.7598841519	0.5616466596	0.864521692	0.910002272
	0.9555293777	0.9644934668	0.936545409	0.9640137458	0.7598841519
	0.5616466596	0.9144202232	0.8854737046	0.8603119879	0.8798004908
	0.8583414492	0.8231261183	0.910002272	0.864521692	0.9644934668
	0.9555293777	0.936545409	0.9640137458	0.6664565611	0.780939761
	0.9144202232	0.8854737046	0.8603119879	0.8798004908	0.6185234111
	0.5556728469	0.8583414492	0.8231261183	0.5556728469	0.5631485888
	0.780939761	0.6664565611	0.6185234111	0.002281909789	0.002281909789
	0.002281909789	0.001635768458	0.002281909789	0.001635768458	0.001635768458
	0.001635768458	0.0003279006215	0.0003273325829	0.0003654948388	0.000394279299
	0.0004937731076	0.0003279006215	0.0003654948388	0.0003273325829	0.000394279299
	0.0004937731076	0.0003116148176	0.0003279006215	0.0003654948388	0.0003273325829
	0.9992501005	0.9992452547	0.9987166114	0.9968819197	0.9825024183
	0.8069603553	0.1335675481	0.01446925982	0.004251335061	0.00167148511
	0.0009820893642	0.0006225989808	0.0004937731076	0.000394279299	0.0003116148176
	0.0003279006215	0.0003654948388	0.0003273325829	0.0004937731076	0.000394279299
	0.0009820893642	0.0006225989808	0.004251335061	0.00167148511	0.1335675481
	0.01446925982	0.9825024183	0.8069603553	0.9992501005	0.9992452547
	0.9987166114	0.9968819197	0.0006225989808	0.0009820893642	0.00167148511
	0.004251335061	0.01446925982	0.1335675481	0.8069603553	0.9825024183
	0.9968819197	0.9987166114	0.9992452547	0.9992501005	0.9989986887
	0.9978601637	0.994078015	0.9657866413	0.09457449377	0.7130216653
	0.01072081951	0.003335394695	0.0009820893642	0.0006225989808	0.00167148511
	0.004251335061	0.01446925982	0.1335675481	0.8069603553	0.9825024183
	0.9987166114	0.9968819197	0.9992452547	0.9992501005	0.9989986887
	0.9978601637	0.994078015	0.9657866413	0.09457449377	0.7130216653
	0.003335394695	0.01072081951	0.9978601637	0.9989986887	0.9657866413
	0.994078015	0.09457449377	0.7130216653	0.003335394695	0.01072081951
	0.9989986887	0.9978601637	0.9657866413	0.994078015	0.7130216653
	0.09457449377	0.01072081951	0.003335394695	0.00203744294	0.001481572609
	0.007115974358	0.003166344444	0.001481572609	0.00203744294	0.04223734605
	0.01545036358	0.007115974358	0.003166344444	0.01545036358	0.04223734605
	0.1338723435	0.07622395621	0.4683591789	0.2186906969	0.07622395621
	0.1338723435	0.548616157	0.6386033632	0.2186906969	0.4683591789
	0.548616157	0.6386033632	0.2103726902	0.3276870681	0.1375568762
	0.1472845821	0.1157641249	0.1174369122	0.083779625	0.09561323571
	0.05411817989	0.05870982139	0.04663996275	0.04311595086	0.04311595086
	0.05411817989	0.05870982139	0.083779625	0.2103726902	0.3276870681
	0.1472845821	0.1375568762	0.09561323571	0.1157641249	0.1174369122
	0.001481572609	0.00203744294	0.007115974358	0.003166344444	0.00203744294
	0.001481572609	0.01545036358	0.04223734605	0.003166344444	0.007115974358
	0.04223734605	0.01545036358	0.07622395621	0.1338723435	0.2186906969
	0.4683591789	0.548616157	0.6386033632	0.3276870681	0.2103726902
	0.07622395621	0.1338723435	0.1375568762	0.1472845821	0.1157641249
	0.1174369122	0.09561323571	0.083779625	0.2186906969	0.4683591789
	0.6386033632	0.548616157	0.3276870681	0.2103726902	0.05411817989
	0.05870982139	0.1472845821	0.1375568762	0.1174369122	0.1157641249
	0.04663996275	0.04311595086	0.083779625	0.09561323571	0.04311595086
	0.05870982139	0.05411817989	0.001481572609	0.001481572609	0.001481572609
	0.001481572609	0.001085551978	0.001085551978	0.001085551978	0.001085551978
	0.0007439871167	0.0007676739279	0.0007141759176	0.0008653936751	0.0007639301154
	0.0009304426033	0.001200113524	0.0007439871167	0.0007141759176	0.0007676739279
	0.0007639301154	0.0008653936751	0.0009304426033	0.001200113524	0.0007676739279
	0.0007141759176	0.0008653936751	0.0007639301154	0.9992240314	0.9993382498
	0.9991000835	0.9984053062	0.9947912505	0.966387203	0.5794822795
	0.0798660106	0.01675265727	0.005131213542	0.002690148844	0.001554009342
	0.001200113524	0.0009304426033	0.0007676739279	0.0007141759176	0.0008653936751
	0.0007639301154	0.001200113524	0.0009304426033	0.001554009342	0.002690148844
	0.01675265727	0.005131213542	0.5794822795	0.0798660106	0.9947912505
	0.966387203	0.9992240314	0.9993382498	0.9991000835	0.9984053062
	0.002690148844	0.001554009342	0.005131213542	0.01675265727	0.5794822795
	0.0798660106	0.966387203	0.9947912505	0.9991000835	0.9984053062
	0.9993382498	0.9992240314	0.9988218329	0.9971148523	0.9901628965
	0.9095018131	0.2888195705	0.03321543939	0.005595062825	0.00203744294
	0.001554009342	0.002690148844	0.005131213542	0.01675265727	0.5794822795
	0.0798660106	0.966387203	0.9947912505	0.9984053062	0.9991000835
	0.9993382498	0.9992240314	0.9988218329	0.9971148523	0.9095018131
	0.9901628965	0.2888195705	0.03321543939	0.005595062825	0.00203744294
	0.9971148523	0.9988218329	0.9095018131	0.9901628965	0.03321543939
	0.2888195705	0.00203744294	0.005595062825	0.9971148523	0.9988218329
	0.9095018131	0.9901628965	0.03321543939	0.2888195705	0.005595062825
	0.00203744294	0.001254175099	0.0009749478131	0.002922981013	0.001714368352
	0.0009749478131	0.001254175099	0.007333890856	0.004374384026	0.001714368352
	0.002922981013	0.004374384026	0.007333890856	0.01706679775	0.009589191282
	0.04312253642	0.02869239155	0.01706679775	0.009589191282	0.03518201276
	0.02381979558	0.02869239155	0.04312253642	0.03518201276	0.02381979558
	0.01241454936	0.01418492534	0.009887765749	0.009603568743	0.008378002162
	0.008191051015	0.006444065377	0.00667285604	0.005399402461	0.005274327219
	0.004834318346	0.005399402461	0.005274327219	0.006444065377	0.008378002162
	0.00667285604	0.01241454936	0.01418492534	0.009887765749	0.009603568743
	0.008191051015	0.0009749478131	0.001254175099	0.002922981013	0.001714368352
	0.0009749478131	0.001254175099	0.007333890856	0.004374384026	0.001714368352
	0.002922981013	0.007333890856	0.004374384026	0.01706679775	0.009589191282
	0.04312253642	0.02869239155	0.03518201276	0.02381979558	0.01418492534
	0.01241454936	0.009589191282	0.01706679775	0.009603568743	0.009887765749
	0.008378002162	0.008191051015	0.006444065377	0.00667285604	0.04312253642
	0.02869239155	0.03518201276	0.02381979558	0.01241454936	0.01418492534
	0.005399402461	0.005274327219	0.009603568743	0.009887765749	0.008191051015
	0.008378002162	0.005399402461	0.004834318346	0.00667285604	0.006444065377
	0.005274327219	0.0009749478131	0.0009749478131	0.0009749478131	0.0009749478131
	0.000719241446	0.000719241446	0.000719241446	0.000719241446	0.002310360871
	0.002150148985	0.002310360871	0.002204053665	0.002433694362	0.002402599018
	0.002826313607	0.003095619937	0.004407372971	0.002310360871	0.002150148985
	0.002310360871	0.002433694362	0.002204053665	0.002402599018	0.002826313607
	0.004407372971	0.003095619937	0.002433694362	0.002204053665	0.002826313607
	0.002402599018	0.9991204587	0.9993412779	0.9992227374	0.9988454965
	0.9975115464	0.9925987644	0.9424672958	0.4771239028	0.1224827975
	0.02998388675	0.01371063982	0.00632495276	0.004407372971	0.003095619937
	0.002433694362	0.002204053665	0.002826313607	0.002402599018	0.004407372971
	0.003095619937	0.00632495276	0.01371063982	0.1224827975	0.02998388675
	0.9424672958	0.4771239028	0.9975115464	0.9925987644	0.9991204587
	0.9993412779	0.9992227374	0.9988454965	0.00632495276	0.01371063982
	0.02998388675	0.1224827975	0.9424672958	0.4771239028	0.9925987644
	0.9975115464	0.9988454965	0.9992227374	0.9993412779	0.9991204587
	0.9984748812	0.995436211	0.7657237343	0.9781099213	0.1335684952
	0.0159047955	0.003166344444	0.001254175099	0.00632495276	0.01371063982
	0.1224827975	0.02998388675	0.4771239028	0.9424672958	0.9975115464
	0.9925987644	0.9988454965	0.9992227374	0.9993412779	0.9991204587
	0.9984748812	0.995436211	0.9781099213	0.7657237343	0.0159047955
	0.1335684952	0.003166344444	0.001254175099	0.995436211	0.9984748812
	0.7657237343	0.9781099213	0.0159047955	0.1335684952	0.001254175099
	0.003166344444	0.9984748812	0.995436211	0.7657237343	0.9781099213
	0.1335684952	0.0159047955	0.001254175099	0.003166344444	0.0007464507408
	0.0006320696769	0.001237386763	0.0008955489471	0.0007464507408	0.0006320696769
	0.002074397032	0.001519204067	0.0008955489471	0.001237386763	0.001519204067
	0.002074397032	0.003665855717	0.002553993505	0.004086505854	0.003912772439
	0.002553993505	0.003665855717	0.002694234186	0.003082605911	0.003912772439
	0.004086505854	0.002694234186	0.003082605911	0.002076452039	0.002159498279
	0.001823171887	0.001821236809	0.001590805146	0.001615512493	0.001382117055
	0.001391214907	0.001307871336	0.001254124307	0.001254124307	0.001382117055
	0.001391214907	0.001590805146	0.001823171887	0.001615512493	0.002076452039
	0.002159498279	0.001821236809	0.0007464507408	0.0006320696769	0.001237386763
	0.0008955489471	0.0006320696769	0.0007464507408	0.001519204067	0.002074397032
	0.001237386763	0.0008955489471	0.002074397032	0.001519204067	0.003665855717
	0.002553993505	0.003912772439	0.004086505854	0.002694234186	0.003082605911
	0.002076452039	0.002159498279	0.002553993505	0.003665855717	0.001823171887
	0.001821236809	0.001590805146	0.001615512493	0.001382117055	0.001391214907
	0.004086505854	0.003912772439	0.003082605911	0.002694234186	0.002159498279
	0.002076452039	0.001307871336	0.001254124307	0.001821236809	0.001823171887
	0.001590805146	0.001615512493	0.001254124307	0.001391214907	0.001382117055
	0.0006320696769	0.0006320696769	0.0006320696769	0.0006320696769	0.0004658486813
	0.0004658486813	0.0004658486813	0.0004658486813	0.01306069409	0.01306069409
	0.01268604919	0.01144146379	0.01306069409	0.01144146379	0.01407947462
	0.01203578404	0.01358216843	0.01769936655	0.03915326558	0.02084687514
	0.01268604919	0.01144146379	0.01144146379	0.01306069409	0.01203578404
	0.01407947462	0.01358216843	0.01769936655	0.02084687514	0.03915326558
	0.01407947462	0.01203578404	0.01769936655	0.01358216843	0.9989231668
	0.9992913173	0.9992515544	0.9989852094	0.9981289213	0.9962374547
	0.99023607	0.9573459786	0.7570311566	0.3796283787	0.1934696459
	0.07731924882	0.03915326558	0.02084687514	0.01407947462	0.01203578404
	0.01769936655	0.01358216843	0.03915326558	0.02084687514	0.1934696459
	0.07731924882	0.7570311566	0.3796283787	0.99023607	0.9573459786
	0.9981289213	0.9962374547	0.9989231668	0.9992913173	0.9992515544
	0.9989852094	0.07731924882	0.1934696459	0.3796283787	0.7570311566
	0.9573459786	0.99023607	0.9981289213	0.9962374547	0.9989852094
	0.9992515544	0.9992913173	0.9989231668	0.9978488367	0.9921568478
	0.9560651909	0.572175618	0.05253674919	0.007115974358	0.001714368352
	0.0007464507408	0.1934696459	0.07731924882	0.3796283787	0.7570311566
	0.9573459786	0.99023607	0.9962374547	0.9981289213	0.9989852094
	0.9992515544	0.9992913173	0.9989231668	0.9978488367	0.9921568478
	0.9560651909	0.572175618	0.05253674919	0.007115974358	0.001714368352
	0.0007464507408	0.9921568478	0.9978488367	0.572175618	0.9560651909
	0.007115974358	0.05253674919	0.0007464507408	0.001714368352	0.9978488367
	0.9921568478	0.9560651909	0.572175618	0.007115974358	0.05253674919
	0.001714368352	0.0007464507408	0.0004336823173	0.0003975824999	0.0005796978559
	0.0004730215618	0.0003975824999	0.0004336823173	0.0008154982772	0.0006540828132
	0.0004730215618	0.0005796978559	0.0006540828132	0.0008154982772	0.001033570538
	0.0009058749933	0.0009661431589	0.0009224600691	0.0009058749933	0.001033570538
	0.0007394411926	0.0007796504052	0.0009224600691	0.0009661431589	0.0007394411926
	0.0007796504052	0.000645313201	0.0006522724405	0.0005850839839	0.0005864693139
	0.0005272981594	0.0005309573949	0.0004907567768	0.0004833576058	0.0004907567768
	0.000465409186	0.0004833576058	0.0005272981594	0.0005309573949	0.0005850839839
	0.0005864693139	0.000645313201	0.0006522724405	0.0004336823173	0.0003975824999
	0.0005796978559	0.0004730215618	0.0003975824999	0.0004336823173	0.0008154982772
	0.0006540828132	0.0005796978559	0.0004730215618	0.0006540828132	0.0008154982772
	0.001033570538	0.0009058749933	0.0009224600691	0.0009661431589	0.0007796504052
	0.0007394411926	0.0006522724405	0.000645313201	0.001033570538	0.0009058749933
	0.0005864693139	0.0005850839839	0.0005272981594	0.0005309573949	0.0004907567768
	0.0004833576058	0.0009661431589	0.0009224600691	0.0007796504052	0.0007394411926
	0.000645313201	0.0006522724405	0.0004907567768	0.000465409186	0.0005864693139
	0.0005850839839	0.0005272981594	0.0005309573949	0.0004833576058	0.0003975824999
	0.0003975824999	0.0003975824999	0.000293459365	0.0003975824999	0.000293459365
	0.000293459365	0.000293459365	0.1732547651	0.1732547651	0.1629786299
	0.1651835557	0.1629786299	0.1651835557	0.157324191	0.1651835557
	0.1629786299	0.1732547651	0.1726722876	0.1896150613	0.2030547152
	0.2690943086	0.3916379625	0.6658426783	0.1651835557	0.157324191
	0.1732547651	0.1629786299	0.1726722876	0.1896150613	0.2690943086
	0.2030547152	0.3916379625	0.6658426783	0.1896150613	0.1726722876
	0.2690943086	0.2030547152	0.9985817545	0.9991923871	0.9992458747
	0.9990685216	0.9984093361	0.9970781787	0.9950070687	0.9920012119
	0.9846643532	0.9654761205	0.9207203007	0.854968481	0.6658426783
	0.3916379625	0.1896150613	0.1726722876	0.2690943086	0.2030547152
	0.6658426783	0.3916379625	0.9207203007	0.854968481	0.9654761205
	0.9846643532	0.9950070687	0.9920012119	0.9970781787	0.9984093361
	0.9985817545	0.9991923871	0.9992458747	0.9990685216	0.9207203007
	0.854968481	0.9654761205	0.9846643532	0.9920012119	0.9950070687
	0.9970781787	0.9984093361	0.9990685216	0.9992458747	0.9991923871
	0.9985817545	0.9966870725	0.9847215875	0.203857449	0.8805592161
	0.01545036358	0.002922981013	0.0008955489471	0.0004336823173	0.9207203007
	0.854968481	0.9654761205	0.9846643532	0.9950070687	0.9920012119
	0.9970781787	0.9984093361	0.9990685216	0.9992458747	0.9991923871
	0.9985817545	0.9847215875	0.9966870725	0.8805592161	0.203857449
	0.01545036358	0.002922981013	0.0008955489471	0.0004336823173	0.9847215875
	0.9966870725	0.203857449	0.8805592161	0.002922981013	0.01545036358
	0.0004336823173	0.0008955489471	0.9966870725	0.9847215875	0.8805592161
	0.203857449	0.002922981013	0.01545036358	0.0008955489471	0.0004336823173
	0.0002513801784	0.0002442927847	0.0002972544812	0.0002588516434	0.0002442927847
	0.0002513801784	0.0003653848278	0.000319201753	0.0002972544812	0.0002588516434
	0.0003653848278	0.000319201753	0.0003815149249	0.0003690120121	0.0003337475248
	0.0003463229116	0.0003815149249	0.0003690120121	0.0002908624112	0.0002979500887
	0.0003337475248	0.0003463229116	0.0002908624112	0.0002979500887	0.0002645905943
	0.0002662075321	0.0002434724995	0.0002445849884	0.0002264019309	0.0002255905794
	0.0002198504494	0.0002136333031	0.0002136333031	0.0002264019309	0.0002434724995
	0.0002255905794	0.0002645905943	0.0002445849884	0.0002662075321	0.0002442927847
	0.0002513801784	0.0002972544812	0.0002588516434	0.0002513801784	0.0002442927847
	0.0003653848278	0.000319201753	0.0002588516434	0.0002972544812	0.0003653848278
	0.000319201753	0.0003690120121	0.0003815149249	0.0003463229116	0.0003337475248
	0.0002979500887	0.0002908624112	0.0002645905943	0.0002662075321	0.0003815149249
	0.0003690120121	0.0002445849884	0.0002434724995	0.0002264019309	0.0002255905794
	0.0002198504494	0.0002136333031	0.0003337475248	0.0003463229116	0.0002979500887
	0.0002908624112	0.0002662075321	0.0002645905943	0.0002264019309	0.0002136333031
	0.0002445849884	0.0002434724995	0.0002255905794	0.0002442927847	0.0002442927847
	0.0002442927847	0.0002442927847	0.000181219527	0.000181219527	0.000181219527
	0.000181219527	0.8793847458	0.8850718125	0.8729749311	0.8793847458
	0.8850718125	0.8729749311	0.8701484862	0.8807308187	0.8701484862
	0.8807308187	0.8729749311	0.8807308187	0.8793847458	0.8850718125
	0.8941672102	0.8970511303	0.942872462	0.9222901183	0.9714986875
	0.9815368817	0.8807308187	0.8729749311	0.8850718125	0.8793847458
	0.8941672102	0.8970511303	0.9222901183	0.942872462	0.9714986875
	0.9815368817	0.8970511303	0.8941672102	0.942872462	0.9222901183
	0.9978903588	0.9990060867	0.9992077512	0.9991345275	0.99863089
	0.9976039224	0.9961088981	0.9943829782	0.9924543123	0.9913813773
	0.9887690112	0.9879367736	0.9815368817	0.9714986875	0.8970511303
	0.8941672102	0.942872462	0.9222901183	0.9815368817	0.9714986875
	0.9887690112	0.9879367736	0.9913813773	0.9924543123	0.9943829782
	0.9961088981	0.9978903588	0.99863089	0.9976039224	0.9990060867
	0.9992077512	0.9991345275	0.9879367736	0.9887690112	0.9913813773
	0.9924543123	0.9961088981	0.9943829782	0.9976039224	0.99863089
	0.9991345275	0.9992077512	0.9978903588	0.9990060867	0.9937585592
	0.9559032275	0.5616466596	0.04223734605	0.004374384026	0.001237386763
	0.0004730215618	0.0002513801784	0.9879367736	0.9887690112	0.9913813773
	0.9924543123	0.9943829782	0.9961088981	0.9976039224	0.99863089
	0.9991345275	0.9992077512	0.9990060867	0.9978903588	0.9937585592
	0.9559032275	0.5616466596	0.04223734605	0.004374384026	0.001237386763
	0.0004730215618	0.0002513801784	0.9559032275	0.9937585592	0.04223734605
	0.5616466596	0.001237386763	0.004374384026	0.0002513801784	0.0004730215618
	0.9937585592	0.9559032275	0.5616466596	0.04223734605	0.004374384026
	0.001237386763	0.0004730215618	0.0002513801784	0.0001468005627	0.0001483014991
	0.0001596234314	0.0001456946208	0.0001483014991	0.0001468005627	0.0001741463149
	0.00016313026	0.0001596234314	0.0001456946208	0.0001741463149	0.00016313026
	0.0001672308759	0.0001665665165	0.0001484109034	0.0001521336641	0.0001672308759
	0.0001665665165	0.0001359744148	0.0001342943739	0.0001521336641	0.0001484109034
	0.0001359744148	0.0001342943739	0.0001241372275	0.0001246926569	0.0001157746075
	0.0001158123154	0.0001106341793	0.0001090042035	0.0001106341793	0.0001063967233
	0.0001157746075	0.0001090042035	0.0001158123154	0.0001241372275	0.0001246926569
	0.0001483014991	0.0001468005627	0.0001456946208	0.0001596234314	0.0001483014991
	0.0001468005627	0.0001741463149	0.00016313026	0.0001456946208	0.0001596234314
	0.0001741463149	0.00016313026	0.0001672308759	0.0001665665165	0.0001521336641
	0.0001484109034	0.0001359744148	0.0001342943739	0.0001241372275	0.0001246926569
	0.0001672308759	0.0001665665165	0.0001158123154	0.0001157746075	0.0001090042035
	0.0001106341793	0.0001106341793	0.0001063967233	0.0001484109034	0.0001521336641
	0.0001359744148	0.0001342943739	0.0001241372275	0.0001246926569	0.0001090042035
	0.0001157746075	0.0001158123154	0.0001483014991	0.0001483014991	0.0001483014991
	0.0001483014991	0.0001105608022	0.0001105608022	0.0001105608022	0.0001105608022
	0.9866427025	0.9875661701	0.9855519351	0.9869819652	0.9851231345
	0.9866427025	0.9875661701	0.9855519351	0.9869819652	0.9851231345
	0.9867904514	0.9851231345	0.9867904514	0.9851231345	0.9869819652
	0.9855519351	0.9875661701	0.9866427025	0.9891141647	0.9894211104
	0.9923922566	0.9935625157	0.9950080204	0.9940464723	0.9855519351
	0.9869819652	0.9875661701	0.9866427025	0.9894211104	0.9891141647
	0.9923922566	0.9935625157	0.9950080204	0.9940464723	0.9894211104
	0.9891141647	0.9935625157	0.9923922566	0.9959355985	0.9985766064
	0.999095106	0.9991802197	0.9988344827	0.9980744052	0.9969236462
	0.9954862842	0.9937056828	0.9908268584	0.9898287849	0.9914081126
	0.9940464723	0.9950080204	0.9894211104	0.9891141647	0.9935625157
	0.9923922566	0.9950080204	0.9940464723	0.9914081126	0.9898287849
	0.9937056828	0.9908268584	0.9959355985	0.9954862842	0.9969236462
	0.9985766064	0.999095106	0.9988344827	0.9980744052	0.9991802197
	0.9914081126	0.9898287849	0.9908268584	0.9937056828	0.9954862842
	0.9969236462	0.9980744052	0.9988344827	0.9991802197	0.999095106
	0.9959355985	0.9985766064	0.9814788166	0.7598841519	0.07622395621
	0.007333890856	0.001519204067	0.0005796978559	0.0002588516434	0.0001468005627
	0.9914081126	0.9898287849	0.9937056828	0.9908268584	0.9954862842
	0.9969236462	0.9980744052	0.9988344827	0.999095106	0.9991802197
	0.9985766064	0.9959355985	0.9814788166	0.7598841519	0.07622395621
	0.007333890856	0.0001468005627	0.001519204067	0.0005796978559	0.0002588516434
	0.7598841519	0.9814788166	0.007333890856	0.07622395621	0.0005796978559
	0.001519204067	0.0001468005627	0.0002588516434	0.9814788166	0.7598841519
	0.007333890856	0.07622395621	0.001519204067	0.0005796978559	0.0002588516434
	0.0001468005627	8.595515525e-05	8.936977149e-05	8.666885519e-05	8.26423851e-05
	8.936977149e-05	8.595515525e-05	8.664896704e-05	8.479050276e-05	8.26423851e-05
	8.666885519e-05	8.664896704e-05	8.479050276e-05	8.01846792e-05	8.130796286e-05
	7.268133549e-05	7.389112839e-05	8.130796286e-05	8.01846792e-05	6.693518376e-05
	6.745196275e-05	7.268133549e-05	7.389112839e-05	6.745196275e-05	6.693518376e-05
	6.245605297e-05	6.259785097e-05	5.917808827e-05	5.87703604e-05	5.79382906e-05
	5.648365689e-05	5.648365689e-05	5.917808827e-05	6.245605297e-05	5.87703604e-05
	6.259785097e-05	8.936977149e-05	8.595515525e-05	8.666885519e-05	8.26423851e-05
	8.595515525e-05	8.936977149e-05	8.664896704e-05	8.479050276e-05	8.26423851e-05
	8.666885519e-05	8.664896704e-05	8.479050276e-05	8.130796286e-05	8.01846792e-05
	7.268133549e-05	7.389112839e-05	6.745196275e-05	6.693518376e-05	6.259785097e-05
	6.245605297e-05	8.130796286e-05	8.01846792e-05	5.917808827e-05	5.87703604e-05
	5.648365689e-05	5.79382906e-05	5.648365689e-05	5.917808827e-05	7.268133549e-05
	7.389112839e-05	6.745196275e-05	6.693518376e-05	6.259785097e-05	5.87703604e-05
	6.245605297e-05	8.936977149e-05	8.936977149e-05	8.936977149e-05	6.675027819e-05
	8.936977149e-05	6.675027819e-05	6.675027819e-05	6.675027819e-05	0.9953033965
	0.9953713568	0.9947699657	0.9950647438	0.994559807	0.9945005621
	0.9949529518	0.9953033965	0.9953713568	0.9947699657	0.9950647438
	0.994559807	0.9945005621	0.9949529518	0.994559807	0.9949529518
	0.9949529518	0.994559807	0.9947699657	0.9950647438	0.9953713568
	0.9953033965	0.9962869751	0.996070871	0.9969670352	0.9967732583
	0.9960144171	0.9932340239	0.9950647438	0.9947699657	0.9953713568
	0.9953033965	0.996070871	0.9962869751	0.9969670352	0.9967732583
	0.9960144171	0.9932340239	0.9962869751	0.996070871	0.9967732583
	0.9969670352	0.986926307	0.9972781684	0.9987560223	0.9991597089
	0.9990059941	0.9985097066	0.997691851	0.9965558299	0.9952624984
	0.9932794216	0.991600566	0.9905829279	0.9932340239	0.9960144171
	0.9962869751	0.996070871	0.9967732583	0.9969670352	0.9932340239
	0.9960144171	0.991600566	0.9905829279	0.986926307	0.9952624984
	0.9932794216	0.9972781684	0.9987560223	0.997691851	0.9965558299
	0.9991597089	0.9985097066	0.9990059941	0.9905829279	0.991600566
	0.9952624984	0.9932794216	0.9965558299	0.997691851	0.9985097066
	0.9990059941	0.9987560223	0.9991597089	0.9972781684	0.986926307
	0.864521692	0.1338723435	0.009589191282	0.002074397032	8.595515525e-05
	0.0006540828132	0.0002972544812	0.0001456946208	0.9905829279	0.991600566
	0.9932794216	0.9952624984	0.9965558299	0.997691851	0.9985097066
	0.9990059941	0.9991597089	0.9987560223	0.9972781684	0.986926307
	0.864521692	0.1338723435	8.595515525e-05	0.009589191282	0.002074397032
	0.0001456946208	0.0006540828132	0.0002972544812	0.1338723435	0.864521692
	0.002074397032	0.009589191282	0.0002972544812	0.0006540828132	8.595515525e-05
	0.0001456946208	0.1338723435	0.864521692	0.002074397032	0.009589191282
	0.0006540828132	0.0002972544812	8.595515525e-05	0.0001456946208	5.331411309e-05
	4.99427138e-05	4.698414712e-05	4.652854476e-05	4.99427138e-05	5.331411309e-05
	4.454938221e-05	4.443052324e-05	4.652854476e-05	4.698414712e-05	4.454938221e-05
	4.443052324e-05	4.071015306e-05	4.133868214e-05	3.777005339e-05	3.734046252e-05
	4.071015306e-05	4.133868214e-05	3.472203798e-05	3.488613713e-05	3.734046252e-05
	3.777005339e-05	3.488613713e-05	3.472203798e-05	3.272207103e-05	3.264807077e-05
	3.156116161e-05	3.106977903e-05	3.156116161e-05	3.048238359e-05	3.272207103e-05
	3.106977903e-05	3.264807077e-05	4.99427138e-05	5.331411309e-05	4.698414712e-05
	4.652854476e-05	5.331411309e-05	4.99427138e-05	4.454938221e-05	4.443052324e-05
	4.698414712e-05	4.652854476e-05	4.454938221e-05	4.443052324e-05	4.071015306e-05
	4.133868214e-05	3.734046252e-05	3.777005339e-05	3.472203798e-05	3.488613713e-05
	3.272207103e-05	3.264807077e-05	4.133868214e-05	4.071015306e-05	3.106977903e-05
	3.156116161e-05	3.048238359e-05	3.156116161e-05	3.106977903e-05	3.272207103e-05
	3.734046252e-05	3.777005339e-05	3.472203798e-05	3.488613713e-05	3.264807077e-05
	5.331411309e-05	5.331411309e-05	5.331411309e-05	5.331411309e-05	3.97477589e-05
	3.97477589e-05	3.97477589e-05	3.97477589e-05	0.9953694052	0.9953447704
	0.9946572312	0.9949060803	0.9943462358	0.9947363222	0.9942388219
	0.9946923237	0.9942388219	0.9953694052	0.9953447704	0.9946572312
	0.9949060803	0.9943462358	0.9947363222	0.9942388219	0.9946923237
	0.9942388219	0.9947363222	0.9943462358	0.9943462358	0.9947363222
	0.9949060803	0.9946572312	0.9953447704	0.9953694052	0.996186824
	0.9963951132	0.9969103623	0.9964903483	0.9959482426	0.9951603146
	0.9949060803	0.9946572312	0.9953694052	0.9953447704	0.996186824
	0.9963951132	0.9969103623	0.9964903483	0.9959482426	0.9951603146
	0.9963951132	0.996186824	0.9964903483	0.9969103623	0.910002272
	0.991823541	0.9976693887	0.9989340757	0.9990749843	0.9988403354
	0.9982647184	0.997522225	0.9966934861	0.9956813033	0.9949834868
	0.9952301664	0.9951603146	0.9959482426	0.9963951132	0.996186824
	0.9964903483	0.9969103623	0.9951603146	0.9959482426	0.910002272
	0.9949834868	0.9952301664	0.991823541	0.9976693887	0.9956813033
	0.9966934861	0.9990749843	0.9989340757	0.997522225	0.9982647184
	0.9988403354	0.9952301664	0.9949834868	0.9956813033	0.9966934861
	0.997522225	0.9982647184	0.9990749843	0.9988403354	0.9989340757
	0.9976693887	0.991823541	0.910002272	0.2186906969	0.01706679775
	4.99427138e-05	0.002553993505	0.0008154982772	8.26423851e-05	0.000319201753
	0.0001596234314	0.9949834868	0.9952301664	0.9956813033	0.9966934861
	0.997522225	0.9982647184	0.9990749843	0.9988403354	0.9989340757
	0.9976693887	0.991823541	0.910002272	4.99427138e-05	0.2186906969
	0.01706679775	0.0001596234314	8.26423851e-05	0.002553993505	0.0008154982772
	0.000319201753	0.01706679775	0.2186906969	0.0008154982772	0.002553993505
	0.0001596234314	0.000319201753	8.26423851e-05	4.99427138e-05	0.2186906969
	0.01706679775	0.002553993505	0.0008154982772	0.000319201753	0.0001596234314
	4.99427138e-05	8.26423851e-05	3.131830824e-05	2.859746358e-05	2.589056313e-05
	2.540590085e-05	3.131830824e-05	2.859746358e-05	2.325892237e-05	2.361109268e-05
	2.589056313e-05	2.540590085e-05	2.361109268e-05	2.325892237e-05	2.127814266e-05
	2.158537148e-05	1.967242751e-05	1.983270708e-05	2.127814266e-05	2.158537148e-05
	1.843882662e-05	1.84620779e-05	1.967242751e-05	1.983270708e-05	1.84620779e-05
	1.843882662e-05	1.744183018e-05	1.759607835e-05	1.686498388e-05	1.728779071e-05
	1.759607835e-05	1.686498388e-05	1.744183018e-05	3.131830824e-05	2.859746358e-05
	2.589056313e-05	2.540590085e-05	2.859746358e-05	3.131830824e-05	2.325892237e-05
	2.361109268e-05	2.540590085e-05	2.589056313e-05	2.361109268e-05	2.325892237e-05
	2.158537148e-05	2.127814266e-05	1.983270708e-05	1.967242751e-05	1.843882662e-05
	1.84620779e-05	1.759607835e-05	1.744183018e-05	2.127814266e-05	2.158537148e-05
	1.686498388e-05	1.728779071e-05	1.686498388e-05	1.759607835e-05	1.843882662e-05
	1.744183018e-05	1.983270708e-05	1.967242751e-05	1.84620779e-05	3.131830824e-05
	3.131830824e-05	3.131830824e-05	2.32531695e-05	3.131830824e-05	2.32531695e-05
	2.32531695e-05	2.32531695e-05	0.9880284723	0.9880284723	0.9876496314
	0.9846430404	0.985673246	0.9831926434	0.9849192863	0.9826818867
	0.9825585505	0.9846792884	0.9826818867	0.9846792884	0.9876496314
	0.9846430404	0.985673246	0.9831926434	0.9849192863	0.9826818867
	0.9825585505	0.9846792884	0.9846792884	0.9826818867	0.9831926434
	0.9849192863	0.9849192863	0.9831926434	0.985673246	0.9846430404
	0.9880284723	0.9876496314	0.9915196181	0.9929165399	0.9946576097
	0.9946855622	0.9953534387	0.9952769589	0.985673246	0.9846430404
	0.9876496314	0.9880284723	0.9915196181	0.9929165399	0.9946855622
	0.9946576097	0.9953534387	0.9952769589	0.9929165399	0.9915196181
	0.9946576097	0.9946855622	0.4683591789	0.9555293777	0.9933237255
	0.9981195456	0.9989114383	0.9990254617	0.9985925016	0.997979164
	0.9974952031	0.9969377809	0.9961992112	0.9958956069	0.9952769589
	0.9953534387	0.9915196181	0.9929165399	0.9946576097	0.9946855622
	0.9953534387	0.9952769589	0.4683591789	0.9555293777	0.9933237255
	0.9961992112	0.9958956069	0.9981195456	0.9989114383	0.9974952031
	0.9969377809	0.9990254617	0.997979164	0.9985925016	0.9961992112
	0.9958956069	0.9969377809	0.9974952031	0.997979164	0.9985925016
	0.9989114383	0.9990254617	0.9981195456	0.9933237255	0.9555293777
	0.4683591789	2.859746358e-05	0.02869239155	0.003665855717	8.666885519e-05
	4.652854476e-05	0.0009058749933	0.0003653848278	0.00016313026	0.9958956069
	0.9961992112	0.9969377809	0.9974952031	0.997979164	0.9985925016
	0.9990254617	0.9989114383	0.9933237255	0.9981195456	2.859746358e-05
	0.9555293777	0.4683591789	8.666885519e-05	4.652854476e-05	0.02869239155
	0.003665855717	0.00016313026	0.0009058749933	0.0003653848278	0.003665855717
	0.02869239155	0.0003653848278	0.0009058749933	8.666885519e-05	0.00016313026
	4.652854476e-05	2.859746358e-05	0.02869239155	0.003665855717	0.0009058749933
	0.0003653848278	0.00016313026	8.666885519e-05	2.859746358e-05	4.652854476e-05
	1.612213549e-05	1.806268392e-05	1.426448909e-05	1.372354307e-05	1.806268392e-05
	1.612213549e-05	1.260295025e-05	1.234043475e-05	1.426448909e-05	1.372354307e-05
	1.260295025e-05	1.234043475e-05	1.144950775e-05	1.130395502e-05	1.051840544e-05
	1.057189487e-05	1.130395502e-05	1.144950775e-05	9.91492319e-06	9.950704314e-06
	1.057189487e-05	1.051840544e-05	9.91492319e-06	9.950704314e-06	9.637803585e-06
	9.479349217e-06	9.637803585e-06	9.322723945e-06	9.479349217e-06	1.612213549e-05
	1.806268392e-05	1.372354307e-05	1.426448909e-05	1.806268392e-05	1.612213549e-05
	1.260295025e-05	1.234043475e-05	1.372354307e-05	1.426448909e-05	1.234043475e-05
	1.260295025e-05	1.144950775e-05	1.130395502e-05	1.051840544e-05	1.057189487e-05
	9.91492319e-06	9.950704314e-06	9.479349217e-06	9.637803585e-06	1.144950775e-05
	1.130395502e-05	9.322723945e-06	9.637803585e-06	9.950704314e-06	9.479349217e-06
	9.91492319e-06	1.057189487e-05	1.051840544e-05	1.806268392e-05	1.806268392e-05
	1.806268392e-05	1.334890876e-05	1.806268392e-05	1.334890876e-05	1.334890876e-05
	1.334890876e-05	0.9253471459	0.8966578452	0.8646177217	0.9253471459
	0.8966578452	0.8646177217	0.8603197244	0.8411866956	0.8481413023
	0.8337401547	0.8443893735	0.83158907	0.8435440007	0.83158907
	0.8443893735	0.8337401547	0.8603197244	0.8411866956	0.8481413023
	0.8337401547	0.8443893735	0.83158907	0.8435440007	0.83158907
	0.8337401547	0.8443893735	0.8481413023	0.8411866956	0.8481413023
	0.8411866956	0.8603197244	0.8646177217	0.8966578452	0.9253471459
	0.965099771	0.9764014103	0.9843846358	0.9854895149	0.9896080156
	0.9912510637	0.8646177217	0.8603197244	0.8966578452	0.9253471459
	0.965099771	0.9764014103	0.9843846358	0.9854895149	0.9912510637
	0.9896080156	0.9764014103	0.965099771	0.9854895149	0.9843846358
	0.04312253642	0.6386033632	0.9644934668	0.9947892396	0.9981121159
	0.9989337232	0.9988346554	0.9982631689	0.9977140956	0.9974407242
	0.9963664244	0.9947009326	0.9912510637	0.9896080156	0.9764014103
	0.965099771	0.9854895149	0.9843846358	0.04312253642	0.9912510637
	0.9896080156	0.6386033632	0.9644934668	0.9947892396	0.9981121159
	0.9947009326	0.9963664244	0.9989337232	0.9988346554	0.9974407242
	0.9977140956	0.9982631689	0.9947009326	0.9963664244	0.9974407242
	0.9977140956	0.9982631689	0.9988346554	0.9981121159	0.9989337232
	0.9947892396	0.9644934668	1.612213549e-05	0.6386033632	0.04312253642
	4.698414712e-05	2.589056313e-05	0.003912772439	0.001033570538	8.479050276e-05
	0.0003690120121	0.0001741463149	0.9947009326	0.9963664244	0.9977140956
	0.9974407242	0.9988346554	0.9982631689	0.9981121159	0.9989337232
	1.612213549e-05	0.9947892396	0.9644934668	4.698414712e-05	2.589056313e-05
	0.6386033632	0.04312253642	0.0001741463149	8.479050276e-05	0.003912772439
	0.001033570538	0.0003690120121	0.001033570538	0.003912772439	0.0003690120121
	0.0001741463149	4.698414712e-05	8.479050276e-05	1.612213549e-05	2.589056313e-05
	0.001033570538	0.003912772439	0.0003690120121	0.0001741463149	8.479050276e-05
	4.698414712e-05	2.589056313e-05	1.612213549e-05	8.971645802e-06	1.023616951e-05
	7.414508619e-06	7.805921853e-06	1.023616951e-05	8.971645802e-06	6.603878527e-06
	6.762873343e-06	7.805921853e-06	7.414508619e-06	6.762873343e-06	6.603878527e-06
	6.064740531e-06	6.131363123e-06	5.690481744e-06	5.682912758e-06	6.131363123e-06
	6.064740531e-06	5.385308063e-06	5.438630853e-06	5.682912758e-06	5.690481744e-06
	5.385308063e-06	5.438630853e-06	5.221655907e-06	5.352403709e-06	5.221655907e-06
	1.023616951e-05	8.971645802e-06	7.414508619e-06	7.805921853e-06	8.971645802e-06
	1.023616951e-05	6.762873343e-06	6.603878527e-06	7.414508619e-06	7.805921853e-06
	6.603878527e-06	6.762873343e-06	6.131363123e-06	6.064740531e-06	5.682912758e-06
	5.690481744e-06	5.385308063e-06	5.438630853e-06	5.221655907e-06	5.352403709e-06
	6.131363123e-06	6.064740531e-06	5.221655907e-06	5.438630853e-06	5.385308063e-06
	5.682912758e-06	5.690481744e-06	1.023616951e-05	1.023616951e-05	1.023616951e-05
	7.533975288e-06	1.023616951e-05	7.533975288e-06	7.533975288e-06	7.533975288e-06
	0.5852104307	0.280530933	0.1833127899	0.1334606238	0.1271470797
	0.5852104307	0.280530933	0.1833127899	0.1334606238	0.1271470797
	0.1115986577	0.1158274313	0.1063796515	0.1128882319	0.1122687384
	0.1050253853	0.1128882319	0.1050253853	0.1158274313	0.1063796515
	0.1115986577	0.1158274313	0.1063796515	0.1128882319	0.1122687384
	0.1050253853	0.1050253853	0.1128882319	0.1063796515	0.1158274313
	0.1115986577	0.1271470797	0.1115986577	0.1271470797	0.1833127899
	0.1334606238	0.280530933	0.5852104307	0.8277220135	0.7775481652
	0.8776694054	0.9064656182	0.977123375	0.9482945048	0.1334606238
	0.1833127899	0.280530933	0.5852104307	0.7775481652	0.8277220135
	0.8776694054	0.9064656182	0.9482945048	0.977123375	0.8277220135
	0.7775481652	0.004086505854	0.9064656182	0.8776694054	0.03518201276
	0.548616157	0.9640137458	0.9940139224	0.9981545363	0.9987723097
	0.998656881	0.9980250564	0.9978840271	0.9969118656	0.9931857835
	0.977123375	0.9482945048	0.7775481652	0.8277220135	0.9064656182
	0.8776694054	0.004086505854	0.03518201276	0.548616157	0.9482945048
	0.977123375	0.9940139224	0.9640137458	0.9981545363	0.9987723097
	0.9969118656	0.9931857835	0.998656881	0.9978840271	0.9980250564
	0.9931857835	0.9969118656	0.9980250564	0.9978840271	0.998656881
	0.9987723097	0.9981545363	0.9940139224	8.971645802e-06	0.9640137458
	0.548616157	2.540590085e-05	1.426448909e-05	0.03518201276	0.004086505854
	8.664896704e-05	4.454938221e-05	0.0009661431589	0.0003815149249	0.0001672308759
	0.9931857835	0.9969118656	0.9980250564	0.9978840271	8.971645802e-06
	0.998656881	0.9987723097	0.9940139224	0.9981545363	2.540590085e-05
	1.426448909e-05	0.9640137458	0.548616157	8.664896704e-05	4.454938221e-05
	0.03518201276	0.004086505854	0.0001672308759	0.0009661431589	0.0003815149249
	0.0009661431589	0.0003815149249	8.664896704e-05	0.0001672308759	4.454938221e-05
	2.540590085e-05	1.426448909e-05	8.971645802e-06	0.0003815149249	0.0009661431589
	8.664896704e-05	0.0001672308759	2.540590085e-05	4.454938221e-05	8.971645802e-06
	1.426448909e-05	5.717801092e-06	4.945223041e-06	4.253941791e-06	4.00888717e-06
	4.945223041e-06	5.717801092e-06	3.554458238e-06	3.643198247e-06	4.00888717e-06
	4.253941791e-06	3.554458238e-06	3.643198247e-06	3.3047744e-06	3.277115861e-06
	3.086891272e-06	3.097848264e-06	3.277115861e-06	3.3047744e-06	2.954249932e-06
	3.005041467e-06	3.086891272e-06	3.097848264e-06	2.954249932e-06	3.005041467e-06
	2.908469087e-06	5.717801092e-06	4.945223041e-06	4.253941791e-06	4.00888717e-06
	4.945223041e-06	5.717801092e-06	3.554458238e-06	3.643198247e-06	4.00888717e-06
	4.253941791e-06	3.643198247e-06	3.554458238e-06	3.3047744e-06	3.277115861e-06
	3.086891272e-06	3.097848264e-06	2.954249932e-06	3.005041467e-06	3.005041467e-06
	2.908469087e-06	3.277115861e-06	3.3047744e-06	2.954249932e-06	3.097848264e-06
	3.086891272e-06	5.717801092e-06	5.717801092e-06	5.717801092e-06	5.717801092e-06
	4.195224774e-06	4.195224774e-06	4.195224774e-06	4.195224774e-06	0.08200066434
	0.04341574034	0.02327986454	0.01313468909	0.01172468377	0.009231045214
	0.009719728048	0.009719728048	0.08200066434	0.04341574034	0.02327986454
	0.01313468909	0.01172468377	0.009231045214	0.008388081013	0.009230520424
	0.008168413514	0.009104440833	0.0081225203	0.009104440833	0.008168413514
	0.009230520424	0.008388081013	0.009719728048	0.008388081013	0.009230520424
	0.008168413514	0.009104440833	0.009104440833	0.0081225203	0.009230520424
	0.008168413514	0.008388081013	0.009719728048	0.009231045214	0.01172468377
	0.01172468377	0.009231045214	0.01313468909	0.02327986454	0.04341574034
	0.08200066434	0.1105678109	0.1654861033	0.2353874596	0.4648074045
	0.8017628989	0.9787005202	0.01313468909	0.02327986454	0.04341574034
	0.08200066434	0.1105678109	0.1654861033	0.4648074045	0.2353874596
	0.8017628989	0.9787005202	0.1654861033	0.1105678109	0.0009224600691
	0.003082605911	0.02381979558	0.4648074045	0.2353874596	0.3276870681
	0.936545409	0.993399892	0.9978241578	0.9987098314	0.998514043
	0.9982163079	0.9978675669	0.9959456905	0.9787005202	0.8017628989
	0.1654861033	0.1105678109	0.0009224600691	0.2353874596	0.4648074045
	0.02381979558	0.003082605911	0.3276870681	0.936545409	0.9787005202
	0.8017628989	0.9978241578	0.993399892	0.9987098314	0.998514043
	0.9959456905	0.9978675669	0.9982163079	0.9978675669	0.9959456905
	0.998514043	0.9982163079	0.9987098314	0.9978241578	4.945223041e-06
	0.993399892	0.936545409	1.372354307e-05	7.805921853e-06	0.3276870681
	0.02381979558	4.443052324e-05	2.361109268e-05	0.003082605911	0.0009224600691
	8.130796286e-05	0.0003463229116	0.0001665665165	0.9959456905	0.9978675669
	4.945223041e-06	0.998514043	0.9982163079	1.372354307e-05	7.805921853e-06
	0.9987098314	0.9978241578	0.936545409	0.993399892	4.443052324e-05
	2.361109268e-05	0.3276870681	0.02381979558	0.0001665665165	8.130796286e-05
	0.003082605911	0.0009224600691	0.0003463229116	0.0001665665165	0.0003463229116
	8.130796286e-05	4.443052324e-05	1.372354307e-05	2.361109268e-05	7.805921853e-06
	4.945223041e-06	0.0003463229116	0.0001665665165	8.130796286e-05	4.443052324e-05
	1.372354307e-05	2.361109268e-05	7.805921853e-06	4.945223041e-06	3.16006598e-06
	2.708452304e-06	2.169810562e-06	2.312938603e-06	3.16006598e-06	2.708452304e-06
	1.96878971e-06	1.921797629e-06	2.312938603e-06	2.169810562e-06	1.96878971e-06
	1.921797629e-06	1.782145718e-06	1.790888555e-06	1.703094435e-06	1.686945032e-06
	1.790888555e-06	1.782145718e-06	1.635737727e-06	1.676638396e-06	1.686945032e-06
	1.703094435e-06	1.635737727e-06	3.16006598e-06	2.708452304e-06	2.312938603e-06
	2.169810562e-06	3.16006598e-06	2.708452304e-06	1.96878971e-06	1.921797629e-06
	2.169810562e-06	2.312938603e-06	1.96878971e-06	1.921797629e-06	1.790888555e-06
	1.782145718e-06	1.703094435e-06	1.686945032e-06	1.676638396e-06	1.635737727e-06
	1.635737727e-06	1.703094435e-06	1.790888555e-06	1.782145718e-06	1.686945032e-06
	3.16006598e-06	3.16006598e-06	3.16006598e-06	2.313540854e-06	3.16006598e-06
	2.313540854e-06	2.313540854e-06	2.313540854e-06	0.0110448319	0.006990081834
	0.005364223938	0.003359155455	0.00271977905	0.002137131405	0.002054740926
	0.001825909981	0.001878963171	0.001878963171	0.002054740926	0.001825909981
	0.0110448319	0.006990081834	0.005364223938	0.003359155455	0.00271977905
	0.002137131405	0.001740154346	0.0018299564	0.001819502056	0.001717139097
	0.0018299564	0.001717139097	0.001878963171	0.001740154346	0.001825909981
	0.002054740926	0.001740154346	0.0018299564	0.001819502056	0.001717139097
	0.001717139097	0.0018299564	0.001740154346	0.001878963171	0.001825909981
	0.002054740926	2.708452304e-06	2.708452304e-06	0.00271977905	0.002137131405
	0.002137131405	0.00271977905	0.003359155455	0.005364223938	0.006990081834
	0.0110448319	0.01484788542	0.03238335181	0.4794864558	0.08339270488
	0.9547282643	0.9937678444	0.003359155455	0.005364223938	0.006990081834
	0.0110448319	0.01484788542	0.03238335181	0.08339270488	0.4794864558
	0.9547282643	0.9937678444	0.0003337475248	0.03238335181	0.01484788542
	0.0007796504052	0.002694234186	0.01418492534	0.2103726902	0.4794864558
	0.08339270488	0.9144202232	0.991144061	0.9977801194	0.9986125271
	0.9985487588	0.9985088518	0.9979560377	0.9937678444	0.9547282643
	0.01484788542	0.03238335181	0.0003337475248	0.002694234186	0.0007796504052
	0.08339270488	0.4794864558	0.01418492534	0.2103726902	0.9144202232
	0.991144061	0.9547282643	0.9937678444	0.9977801194	0.9986125271
	0.9985487588	0.9979560377	0.9985088518	0.9985088518	0.9979560377
	0.9985487588	0.9986125271	0.9977801194	0.991144061	7.414508619e-06
	4.253941791e-06	0.9144202232	0.2103726902	2.325892237e-05	1.260295025e-05
	0.01418492534	0.002694234186	8.01846792e-05	4.133868214e-05	0.0007796504052
	0.0003337475248	0.0001521336641	0.9979560377	0.9985088518	7.414508619e-06
	4.253941791e-06	0.9985487588	0.9986125271	2.325892237e-05	1.260295025e-05
	0.9977801194	0.991144061	0.9144202232	0.2103726902	8.01846792e-05
	4.133868214e-05	0.01418492534	0.002694234186	0.0001521336641	0.0007796504052
	0.0003337475248	8.01846792e-05	0.0001521336641	4.133868214e-05	2.325892237e-05
	1.260295025e-05	7.414508619e-06	4.253941791e-06	2.708452304e-06	8.01846792e-05
	0.0001521336641	2.325892237e-05	4.133868214e-05	1.260295025e-05	7.414508619e-06
	2.708452304e-06	4.253941791e-06	1.733885337e-06	1.477557005e-06	1.256402266e-06
	1.176099336e-06	1.733885337e-06	1.477557005e-06	1.067197869e-06	1.043582839e-06
	1.176099336e-06	1.256402266e-06	1.067197869e-06	1.043582839e-06	9.755418541e-07
	9.757791984e-07	9.289203942e-07	9.442837857e-07	9.755418541e-07	9.757791984e-07
	9.139080469e-07	9.442837857e-07	9.289203942e-07	1.477557005e-06	1.733885337e-06
	1.176099336e-06	1.256402266e-06	1.733885337e-06	1.477557005e-06	1.043582839e-06
	1.067197869e-06	1.256402266e-06	1.176099336e-06	1.043582839e-06	1.067197869e-06
	9.755418541e-07	9.757791984e-07	9.442837857e-07	9.289203942e-07	9.139080469e-07
	9.442837857e-07	9.289203942e-07	9.757791984e-07	9.755418541e-07	1.733885337e-06
	1.733885337e-06	1.733885337e-06	1.267676102e-06	1.733885337e-06	1.267676102e-06
	1.267676102e-06	1.267676102e-06	0.0006237119366	0.004190398717	0.002432569107
	0.00184909597	0.001311466857	0.001069500683	0.000828248479	0.0007566595838
	0.0006593126309	0.0006551715621	0.0006058958895	0.0006237119366	0.0006551715621
	0.0006058958895	0.0007566595838	0.0006593126309	0.004190398717	0.002432569107
	0.00184909597	0.001311466857	0.001069500683	0.000828248479	0.0005896998087
	0.0006147947346	0.0005861224808	0.0006147947346	0.0005896998087	0.0006237119366
	0.0006058958895	0.0006551715621	0.0006593126309	0.0007566595838	0.0005896998087
	0.0006147947346	0.0006147947346	0.0005861224808	0.0006237119366	0.0005896998087
	0.0007566595838	0.0006058958895	0.0006551715621	0.0006593126309	1.477557005e-06
	4.00888717e-06	2.312938603e-06	1.477557005e-06	4.00888717e-06	2.312938603e-06
	0.000828248479	0.001069500683	0.000828248479	0.001069500683	0.001311466857
	0.00184909597	0.002432569107	0.004190398717	0.008237524218	0.03410438141
	0.2564731794	0.9230461064	0.9929034751	0.997773551	0.001311466857
	0.00184909597	0.002432569107	0.004190398717	0.03410438141	0.008237524218
	0.2564731794	0.9230461064	0.9929034751	0.997773551	0.0001484109034
	0.0001484109034	0.0002979500887	0.0007394411926	0.03410438141	0.008237524218
	0.002159498279	0.01241454936	0.1472845821	0.8854737046	0.9230461064
	0.2564731794	0.9910191998	0.9975297652	0.9987629891	0.9988300428
	0.9987824809	0.997773551	0.9929034751	0.03410438141	0.008237524218
	0.0007394411926	0.0002979500887	0.01241454936	0.002159498279	0.2564731794
	0.9230461064	0.8854737046	0.1472845821	0.9910191998	0.9975297652
	0.9929034751	0.997773551	0.9988300428	0.9987629891	0.9987824809
	0.9988300428	0.9987824809	0.9987629891	0.9975297652	0.9910191998
	0.8854737046	1.234043475e-05	6.762873343e-06	0.1472845821	0.01241454936
	4.071015306e-05	2.158537148e-05	0.002159498279	0.0007394411926	7.389112839e-05
	0.0002979500887	0.0001484109034	0.9988300428	0.9987824809	6.762873343e-06
	1.234043475e-05	0.9987629891	0.9975297652	4.071015306e-05	2.158537148e-05
	0.9910191998	0.8854737046	0.1472845821	0.01241454936	0.0001484109034
	7.389112839e-05	0.002159498279	0.0007394411926	0.0002979500887	4.071015306e-05
	7.389112839e-05	1.234043475e-05	2.158537148e-05	1.477557005e-06	6.762873343e-06
	4.00888717e-06	2.312938603e-06	7.389112839e-05	4.071015306e-05	1.234043475e-05
	2.158537148e-05	6.762873343e-06	4.00888717e-06	2.312938603e-06	1.477557005e-06
	9.470921691e-07	8.04415092e-07	6.826207502e-07	6.387927388e-07	8.04415092e-07
	9.470921691e-07	5.694339365e-07	5.805237021e-07	6.387927388e-07	6.826207502e-07
	5.694339365e-07	5.805237021e-07	5.348699358e-07	5.378458045e-07	5.283021923e-07
	5.156925067e-07	5.348699358e-07	5.156925067e-07	5.378458045e-07	8.04415092e-07
	9.470921691e-07	6.826207502e-07	6.387927388e-07	8.04415092e-07	9.470921691e-07
	5.805237021e-07	5.694339365e-07	6.387927388e-07	6.826207502e-07	5.694339365e-07
	5.805237021e-07	5.378458045e-07	5.348699358e-07	5.283021923e-07	5.156925067e-07
	5.378458045e-07	5.156925067e-07	5.348699358e-07	9.470921691e-07	9.470921691e-07
	9.470921691e-07	6.919494342e-07	9.470921691e-07	6.919494342e-07	6.919494342e-07
	6.919494342e-07	8.04415092e-07	8.04415092e-07	0.0002664621099	0.0002664621099
	0.00443556766	0.000274764992	0.0002594948631	0.001754790428	0.001080212447
	0.0007071917936	0.0005593862111	0.000426791874	0.0003725227875	0.0003149392209
	0.000300277109	0.0002735784206	0.000274764992	0.0002594948631	0.000300277109
	0.0002735784206	0.00443556766	0.0003725227875	0.0003149392209	0.001754790428
	0.001080212447	0.0007071917936	0.0005593862111	0.000426791874	0.000264561943
	0.0002552814192	0.0002664621099	0.0002552814192	0.000274764992	0.0002594948631
	0.0003725227875	0.0002735784206	0.000300277109	0.0003149392209	0.000264561943
	0.0002552814192	0.0002552814192	0.0002664621099	0.0003725227875	0.0002594948631
	0.000274764992	0.0003149392209	0.0002735784206	0.000300277109	2.169810562e-06
	1.256402266e-06	6.603878527e-06	3.643198247e-06	2.169810562e-06	1.256402266e-06
	6.603878527e-06	3.643198247e-06	0.000426791874	0.0005593862111	0.000426791874
	0.0005593862111	0.0007071917936	0.001080212447	0.001754790428	0.00443556766
	0.1933083693	0.01659758692	0.904697099	0.9907146038	0.9978469507
	0.9988638197	0.0007071917936	0.001080212447	0.001754790428	0.00443556766
	0.01659758692	0.1933083693	0.904697099	0.9907146038	0.9978469507
	0.9988638197	7.268133549e-05	0.0001359744148	0.0002908624112	7.268133549e-05
	0.0002908624112	0.0001359744148	0.0006522724405	0.002076452039	0.1933083693
	0.01659758692	0.009603568743	0.1375568762	0.8798004908	0.9891072665
	0.9907146038	0.904697099	0.9988254313	0.9976575724	0.9991020976
	0.9988638197	0.9978469507	0.01659758692	0.1933083693	0.002076452039
	0.0006522724405	0.009603568743	0.1375568762	0.9907146038	0.904697099
	0.9891072665	0.8798004908	0.9976575724	0.9988254313	0.9978469507
	0.9991020976	0.9988638197	0.9991020976	0.9988254313	0.9976575724
	0.9891072665	0.8798004908	0.1375568762	2.127814266e-05	1.144950775e-05
	0.009603568743	0.002076452039	7.268133549e-05	3.777005339e-05	0.0006522724405
	0.0002908624112	0.0001359744148	0.9991020976	0.9988254313	1.144950775e-05
	2.127814266e-05	0.9976575724	0.9891072665	7.268133549e-05	3.777005339e-05
	0.8798004908	0.1375568762	0.009603568743	0.002076452039	0.0001359744148
	0.0006522724405	0.0002908624112	2.127814266e-05	3.777005339e-05	6.603878527e-06
	1.144950775e-05	8.04415092e-07	2.169810562e-06	1.256402266e-06	3.643198247e-06
	2.127814266e-05	3.777005339e-05	1.144950775e-05	6.603878527e-06	3.643198247e-06
	2.169810562e-06	8.04415092e-07	1.256402266e-06	4.377294819e-07	5.161107701e-07
	3.713641346e-07	3.479772707e-07	5.161107701e-07	4.377294819e-07	3.171715231e-07
	3.124991715e-07	3.479772707e-07	3.713641346e-07	3.124991715e-07	3.171715231e-07
	2.990008104e-07	2.952505614e-07	2.990008104e-07	2.890720474e-07	2.952505614e-07
	4.377294819e-07	5.161107701e-07	3.713641346e-07	3.479772707e-07	4.377294819e-07
	5.161107701e-07	3.171715231e-07	3.124991715e-07	3.713641346e-07	3.479772707e-07
	3.171715231e-07	3.124991715e-07	2.952505614e-07	2.990008104e-07	2.890720474e-07
	2.990008104e-07	2.952505614e-07	5.161107701e-07	5.161107701e-07	5.161107701e-07
	5.161107701e-07	3.770187756e-07	3.770187756e-07	3.770187756e-07	3.770187756e-07
	1.176099336e-06	1.176099336e-06	6.826207502e-07	4.377294819e-07	6.826207502e-07
	4.377294819e-07	0.0001319280735	0.0001258981801	0.0001293073958	0.0001319280735
	0.0001258981801	0.0001293073958	0.01355179383	0.002763526279	0.001154632638
	0.0001403454892	0.0001305664802	0.0005889108055	0.0003973459997	0.0002773118956
	0.0002256179719	0.0001809783233	0.000163828458	0.0001442220193	0.0001305664802
	0.0001403454892	0.01355179383	0.000163828458	0.0001442220193	0.002763526279
	0.001154632638	0.0002256179719	0.0001809783233	0.0005889108055	0.0003973459997
	0.0002773118956	0.0001247979164	0.0001293073958	0.0001258981801	0.0001319280735
	0.0002256179719	0.0001305664802	0.0001403454892	0.0001809783233	0.0001442220193
	0.000163828458	0.0001293073958	0.0001247979164	0.0002256179719	0.0001319280735
	0.0001258981801	0.000163828458	0.0001809783233	0.0001305664802	0.0001403454892
	0.0001442220193	3.554458238e-06	1.96878971e-06	1.130395502e-05	6.131363123e-06
	3.554458238e-06	1.96878971e-06	1.130395502e-05	6.131363123e-06	0.0002773118956
	0.0003973459997	0.0002773118956	0.0003973459997	0.0005889108055	0.001154632638
	0.002763526279	0.01355179383	0.1433307046	0.8786432899	0.990700406
	0.9976008856	0.9989590659	0.9991367454	0.0005889108055	0.001154632638
	0.01355179383	0.002763526279	0.1433307046	0.8786432899	0.990700406
	0.9976008856	0.9989590659	0.9991367454	3.734046252e-05	0.000645313201
	6.745196275e-05	0.0001342943739	0.0002662075321	0.000645313201	3.734046252e-05
	6.745196275e-05	0.0002662075321	0.0001342943739	0.001821236809	0.009887765749
	0.1433307046	0.8786432899	0.8603119879	0.1174369122	0.9974419273
	0.9897031747	0.9976008856	0.990700406	0.9989270539	0.9991367454
	0.9989590659	0.1433307046	0.8786432899	0.001821236809	0.009887765749
	0.1174369122	0.8603119879	0.9976008856	0.990700406	0.9974419273
	0.9897031747	0.9989270539	0.9991367454	0.9989590659	0.9989270539
	0.9974419273	0.9897031747	0.8603119879	0.1174369122	0.009887765749
	3.734046252e-05	1.983270708e-05	0.001821236809	0.000645313201	6.745196275e-05
	0.0002662075321	0.0001342943739	0.9989270539	0.9974419273	3.734046252e-05
	1.983270708e-05	0.9897031747	0.8603119879	0.0001342943739	6.745196275e-05
	0.1174369122	0.009887765749	0.001821236809	0.000645313201	0.0002662075321
	1.130395502e-05	1.983270708e-05	4.377294819e-07	3.554458238e-06	6.131363123e-06
	1.176099336e-06	6.826207502e-07	1.96878971e-06	1.983270708e-05	1.130395502e-05
	6.131363123e-06	3.554458238e-06	1.176099336e-06	1.96878971e-06	6.826207502e-07
	4.377294819e-07	2.38415922e-07	2.81081301e-07	2.025427293e-07	1.903367924e-07
	2.38415922e-07	2.81081301e-07	1.727430433e-07	1.742687537e-07	2.025427293e-07
	1.903367924e-07	1.727430433e-07	1.742687537e-07	1.681189645e-07	1.644585557e-07
	1.644585557e-07	2.81081301e-07	2.38415922e-07	1.903367924e-07	2.025427293e-07
	2.81081301e-07	2.38415922e-07	1.742687537e-07	1.727430433e-07	1.903367924e-07
	2.025427293e-07	1.742687537e-07	1.727430433e-07	1.681189645e-07	1.644585557e-07
	1.644585557e-07	2.81081301e-07	2.81081301e-07	2.81081301e-07	2.054089512e-07
	2.81081301e-07	2.054089512e-07	2.054089512e-07	2.054089512e-07	1.921797629e-06
	1.067197869e-06	6.387927388e-07	1.921797629e-06	1.067197869e-06	6.387927388e-07
	3.713641346e-07	2.38415922e-07	3.713641346e-07	2.38415922e-07	6.716151414e-05
	7.113620857e-05	6.696396664e-05	6.793031667e-05	6.527202172e-05	6.716151414e-05
	7.113620857e-05	6.696396664e-05	6.793031667e-05	6.527202172e-05	0.1315261213
	0.1315261213	0.009846470722	0.002335738654	0.000820973186	0.0004300370476
	8.033276283e-05	7.2282385e-05	0.0002482010449	0.0001752603067	0.0001266032353
	0.0001052150535	8.692562137e-05	8.033276283e-05	7.2282385e-05	0.009846470722
	0.002335738654	0.0001052150535	8.692562137e-05	0.000820973186	0.0004300370476
	0.0001752603067	0.0001266032353	0.0002482010449	6.793031667e-05	6.527202172e-05
	0.0001752603067	7.113620857e-05	6.696396664e-05	0.0001052150535	0.0001266032353
	7.2282385e-05	8.033276283e-05	8.692562137e-05	0.0001752603067	6.527202172e-05
	6.793031667e-05	0.0001052150535	0.0001266032353	6.696396664e-05	7.113620857e-05
	8.692562137e-05	7.2282385e-05	8.033276283e-05	6.064740531e-06	3.3047744e-06
	1.967242751e-05	1.057189487e-05	6.064740531e-06	3.3047744e-06	1.967242751e-05
	1.057189487e-05	0.0002482010449	0.0004300370476	0.0002482010449	0.0004300370476
	0.000820973186	0.002335738654	0.1315261213	0.009846470722	0.9988496854
	0.8695499893	0.9883334983	0.9976115125	0.9988803411	0.9991824868
	0.000820973186	0.002335738654	0.009846470722	0.1315261213	0.8695499893
	0.9883334983	0.9988496854	0.9976115125	0.9988803411	0.9991824868
	1.967242751e-05	0.001823171887	3.488613713e-05	6.693518376e-05	0.0005864693139
	0.0002645905943	0.0001246926569	1.967242751e-05	0.001823171887	0.0005864693139
	0.0002645905943	6.693518376e-05	3.488613713e-05	0.0001246926569	0.1157641249
	0.008191051015	0.8695499893	0.9883334983	0.8583414492	0.9874567859
	0.9974906241	0.9988496854	0.9988803411	0.9976115125	0.9991824868
	0.8695499893	0.9883334983	0.008191051015	0.1157641249	0.8583414492
	0.9874567859	0.9988803411	0.9976115125	0.9988496854	0.9974906241
	0.9991824868	0.9874567859	0.9974906241	0.8583414492	0.1157641249
	0.008191051015	0.001823171887	6.693518376e-05	3.488613713e-05	0.0005864693139
	0.0002645905943	0.0001246926569	0.9874567859	0.9974906241	6.693518376e-05
	3.488613713e-05	0.8583414492	0.1157641249	0.0001246926569	0.0002645905943
	0.008191051015	0.001823171887	0.0005864693139	6.064740531e-06	1.057189487e-05
	2.38415922e-07	3.713641346e-07	6.387927388e-07	3.3047744e-06	1.921797629e-06
	1.067197869e-06	6.064740531e-06	1.057189487e-05	3.3047744e-06	1.921797629e-06
	2.38415922e-07	1.067197869e-06	6.387927388e-07	3.713641346e-07	1.532316667e-07
	1.301707844e-07	1.109159869e-07	1.047245848e-07	1.532316667e-07	1.301707844e-07
	9.651967764e-08	9.651620153e-08	1.047245848e-07	1.109159869e-07	9.651967764e-08
	9.295373856e-08	9.651620153e-08	1.301707844e-07	1.532316667e-07	1.047245848e-07
	1.109159869e-07	1.301707844e-07	1.532316667e-07	9.651620153e-08	9.651967764e-08
	1.047245848e-07	1.109159869e-07	9.651967764e-08	9.295373856e-08	9.651620153e-08
	1.532316667e-07	1.532316667e-07	1.532316667e-07	1.120898678e-07	1.532316667e-07
	1.120898678e-07	1.120898678e-07	1.120898678e-07	3.277115861e-06	3.277115861e-06
	1.790888555e-06	1.043582839e-06	5.805237021e-07	3.479772707e-07	1.790888555e-06
	1.043582839e-06	5.805237021e-07	3.479772707e-07	2.025427293e-07	1.301707844e-07
	2.025427293e-07	1.301707844e-07	1.051840544e-05	1.051840544e-05	3.641689294e-05
	3.641689294e-05	0.997081379	0.997081379	3.521167899e-05	3.641689294e-05
	4.169273809e-05	3.801257805e-05	3.769147559e-05	3.575535664e-05	3.521167899e-05
	3.641689294e-05	4.169273809e-05	3.801257805e-05	3.769147559e-05	3.575535664e-05
	0.8347368372	0.1057349604	0.00960402529	0.8347368372	0.1057349604
	0.00960402529	0.001893932635	0.000722830367	0.0003289787726	0.0001920244734
	5.291853829e-05	4.452322406e-05	0.0001177266824	8.510485289e-05	6.275431625e-05
	4.452322406e-05	5.291853829e-05	0.001893932635	0.000722830367	8.510485289e-05
	6.275431625e-05	0.0003289787726	0.0001920244734	0.0001177266824	0.0001920244734
	0.0001920244734	3.575535664e-05	3.769147559e-05	8.510485289e-05	0.0001177266824
	3.801257805e-05	4.169273809e-05	6.275431625e-05	4.452322406e-05	5.291853829e-05
	8.510485289e-05	0.0001177266824	3.769147559e-05	3.575535664e-05	5.291853829e-05
	6.275431625e-05	4.169273809e-05	3.801257805e-05	4.452322406e-05	1.051840544e-05
	5.690481744e-06	3.472203798e-05	1.84620779e-05	1.051840544e-05	5.690481744e-06
	3.472203798e-05	1.84620779e-05	0.0003289787726	0.000722830367	0.0003289787726
	0.000722830367	0.001893932635	0.00960402529	0.1057349604	0.8347368372
	0.9991072575	0.9988542478	0.988116377	0.9972275757	0.9988860272
	0.00960402529	0.001893932635	0.1057349604	0.8347368372	0.988116377
	0.9972275757	0.9988542478	0.9991072575	0.9988860272	3.472203798e-05
	1.84620779e-05	0.008378002162	0.0005850839839	0.001615512493	6.259785097e-05
	0.0002445849884	0.0001241372275	0.008378002162	1.84620779e-05	3.472203798e-05
	0.001615512493	0.0005850839839	0.0002445849884	6.259785097e-05	0.0001241372275
	0.8231261183	0.09561323571	0.988116377	0.9972275757	0.9873238664
	0.997081379	0.9988542478	0.9991072575	0.9988860272	0.988116377
	0.9972275757	0.8231261183	0.09561323571	0.9873238664	0.997081379
	0.9988860272	0.9991072575	0.9988542478	0.8231261183	0.9873238664
	0.09561323571	0.008378002162	0.001615512493	0.0005850839839	6.259785097e-05
	0.0002445849884	0.0001241372275	0.9873238664	0.8231261183	0.0001241372275
	6.259785097e-05	0.09561323571	0.008378002162	0.0002445849884	0.0005850839839
	0.001615512493	1.301707844e-07	3.277115861e-06	5.690481744e-06	2.025427293e-07
	3.479772707e-07	5.805237021e-07	1.790888555e-06	1.043582839e-06	1.301707844e-07
	3.277115861e-06	5.690481744e-06	1.790888555e-06	1.043582839e-06	2.025427293e-07
	3.479772707e-07	5.805237021e-07	7.138646385e-08	8.376419285e-08	5.817771578e-08
	6.114488835e-08	8.376419285e-08	7.138646385e-08	5.504449024e-08	5.420640886e-08
	6.114488835e-08	5.817771578e-08	5.420640886e-08	8.376419285e-08	7.138646385e-08
	6.114488835e-08	5.817771578e-08	8.376419285e-08	7.138646385e-08	5.420640886e-08
	5.504449024e-08	5.817771578e-08	6.114488835e-08	5.420640886e-08	8.376419285e-08
	8.376419285e-08	8.376419285e-08	8.376419285e-08	6.139451734e-08	6.139451734e-08
	6.139451734e-08	6.139451734e-08	5.682912758e-06	5.682912758e-06	3.086891272e-06
	1.782145718e-06	3.086891272e-06	1.782145718e-06	9.757791984e-07	5.694339365e-07
	3.171715231e-07	1.903367924e-07	9.757791984e-07	5.694339365e-07	3.171715231e-07
	1.903367924e-07	9.427172565e-05	9.427172565e-05	1.109159869e-07	7.138646385e-08
	1.109159869e-07	7.138646385e-08	2.01281568e-05	2.01281568e-05	5.682912758e-06
	9.91492319e-06	1.843882662e-05	5.682912758e-06	9.91492319e-06	1.843882662e-05
	0.083779625	0.083779625	1.964467299e-05	2.056727128e-05	2.056727128e-05
	1.964467299e-05	0.984414802	0.984414802	0.9986901097	0.996922574
	0.9821979847	0.9821979847	0.9986901097	0.996922574	2.056727128e-05
	1.964467299e-05	2.782048823e-05	2.369939718e-05	2.240322893e-05	2.061440527e-05
	2.782048823e-05	2.056727128e-05	1.964467299e-05	2.369939718e-05	2.240322893e-05
	2.061440527e-05	0.8155417278	0.09925218408	0.001820174857	0.007698274049
	0.09925218408	0.8155417278	0.007698274049	0.001820174857	0.000616055699
	0.0002963197121	0.0001530275338	9.427172565e-05	3.264232207e-05	4.368491347e-05
	5.961127148e-05	4.368491347e-05	3.264232207e-05	0.000616055699	0.0002963197121
	5.961127148e-05	0.0001530275338	9.427172565e-05	0.0001530275338	0.0002963197121
	0.0002963197121	0.0001530275338	2.240322893e-05	2.061440527e-05	4.368491347e-05
	5.961127148e-05	2.369939718e-05	2.782048823e-05	3.264232207e-05	4.368491347e-05
	5.961127148e-05	2.061440527e-05	2.240322893e-05	3.264232207e-05	2.369939718e-05
	2.782048823e-05	1.843882662e-05	9.91492319e-06	6.245605297e-05	3.264807077e-05
	1.843882662e-05	9.91492319e-06	6.245605297e-05	3.264807077e-05	0.000616055699
	0.001820174857	0.000616055699	0.001820174857	0.09925218408	0.007698274049
	0.8155417278	0.984414802	0.9990990216	0.9971401368	0.9987394003
	0.007698274049	0.09925218408	0.8155417278	0.984414802	0.9971401368
	0.9990990216	0.9987394003	6.245605297e-05	3.264807077e-05	0.001590805146
	0.00667285604	0.0005309573949	0.0002434724995	0.0001158123154	0.00667285604
	0.001590805146	3.264807077e-05	6.245605297e-05	0.0005309573949	0.0002434724995
	0.0001158123154	0.9821979847	0.780939761	0.9987394003	0.9971401368
	0.996922574	0.9986901097	0.9990990216	0.9987394003	0.9971401368
	0.780939761	0.9821979847	0.9986901097	0.996922574	0.9990990216
	0.780939761	0.083779625	0.00667285604	0.001590805146	0.0005309573949
	0.0002434724995	0.0001158123154	0.780939761	0.083779625	0.0001158123154
	0.0002434724995	0.00667285604	0.001590805146	0.0005309573949	7.138646385e-08
	7.138646385e-08	1.109159869e-07	1.903367924e-07	1.782145718e-06	3.086891272e-06
	3.171715231e-07	5.694339365e-07	9.757791984e-07	1.109159869e-07	1.903367924e-07
	3.086891272e-06	1.782145718e-06	9.757791984e-07	3.171715231e-07	5.694339365e-07
	4.604309577e-08	3.947852616e-08	3.414189027e-08	3.296353213e-08	4.604309577e-08
	3.947852616e-08	3.139700899e-08	3.296353213e-08	3.414189027e-08	4.604309577e-08
	3.947852616e-08	3.296353213e-08	3.414189027e-08	4.604309577e-08	3.947852616e-08
	3.139700899e-08	3.414189027e-08	3.296353213e-08	4.604309577e-08	4.604309577e-08
	4.604309577e-08	3.388950408e-08	4.604309577e-08	3.388950408e-08	3.388950408e-08
	3.388950408e-08	9.950704314e-06	9.950704314e-06	5.385308063e-06	3.097848264e-06
	5.385308063e-06	3.097848264e-06	0.6664565611	0.6664565611	1.686945032e-06
	9.755418541e-07	1.686945032e-06	9.755418541e-07	5.348699358e-07	3.124991715e-07
	1.742687537e-07	1.047245848e-07	5.348699358e-07	3.124991715e-07	1.742687537e-07
	1.047245848e-07	4.89194592e-05	7.717078363e-05	0.0001401950452	4.89194592e-05
	7.717078363e-05	0.0001401950452	6.114488835e-08	3.947852616e-08	6.114488835e-08
	3.947852616e-08	2.331286492e-05	2.331286492e-05	1.047245848e-07	1.047245848e-07
	1.158858514e-05	1.117376095e-05	1.158858514e-05	1.158858514e-05	1.117376095e-05
	1.158858514e-05	0.6664565611	0.6664565611	3.097848264e-06	3.097848264e-06
	3.272207103e-05	5.385308063e-06	9.950704314e-06	1.744183018e-05	5.385308063e-06
	9.950704314e-06	1.744183018e-05	3.272207103e-05	0.006444065377	0.05870982139
	0.006444065377	0.05870982139	1.242679939e-05	1.152953003e-05	1.152953003e-05
	1.242679939e-05	0.9965703101	0.7682037471	0.9832082245	0.9965703101
	0.9832082245	0.7682037471	0.998985661	0.9986506682	0.9961556273
	0.9785773218	0.9961556273	0.9785773218	0.998985661	0.9986506682
	1.242679939e-05	1.152953003e-05	1.760630581e-05	1.514848832e-05	1.303658102e-05
	1.514848832e-05	1.760630581e-05	1.152953003e-05	1.303658102e-05	1.242679939e-05
	0.0005992263597	0.08019123092	0.001594793706	0.007816556687	0.08019123092
	0.007816556687	0.0005992263597	0.001594793706	0.0002606396881	0.0001401950452
	7.717078363e-05	3.149308233e-05	4.89194592e-05	3.149308233e-05	4.89194592e-05
	0.0001401950452	0.0002606396881	7.717078363e-05	0.0002606396881	0.0005992263597
	0.0002606396881	0.0005992263597	1.303658102e-05	1.514848832e-05	3.149308233e-05
	1.760630581e-05	2.331286492e-05	2.331286492e-05	3.149308233e-05	1.514848832e-05
	1.303658102e-05	1.760630581e-05	0.0001157746075	3.272207103e-05	1.744183018e-05
	5.87703604e-05	3.272207103e-05	1.744183018e-05	5.87703604e-05	0.0001157746075
	0.001594793706	0.007816556687	0.007816556687	0.001594793706	0.08019123092
	0.7682037471	0.9832082245	0.9965703101	0.998718257	0.7682037471
	0.08019123092	0.9832082245	0.9965703101	0.998718257	5.87703604e-05
	0.0001157746075	0.001391214907	0.0005272981594	0.0002255905794	0.0005272981594
	0.001391214907	0.0001157746075	5.87703604e-05	0.0002255905794	0.9785773218
	0.9961556273	0.998718257	0.9986506682	0.998985661	0.998985661
	0.998718257	0.9785773218	0.9961556273	0.9986506682	0.05870982139
	0.006444065377	0.001391214907	0.0005272981594	0.0002255905794	0.05870982139
	0.006444065377	0.0005272981594	0.0002255905794	0.001391214907	6.114488835e-08
	3.947852616e-08	6.114488835e-08	3.947852616e-08	1.742687537e-07	3.124991715e-07
	1.686945032e-06	5.348699358e-07	9.755418541e-07	1.742687537e-07	3.124991715e-07
	9.755418541e-07	1.686945032e-06	5.348699358e-07	2.560951611e-08	2.224415478e-08
	1.964465378e-08	1.960289344e-08	2.560951611e-08	1.964465378e-08	2.224415478e-08
	2.224415478e-08	2.560951611e-08	1.960289344e-08	1.964465378e-08	2.224415478e-08
	2.560951611e-08	1.964465378e-08	2.560951611e-08	2.560951611e-08	2.560951611e-08
	2.560951611e-08	1.904888745e-08	1.904888745e-08	1.904888745e-08	1.904888745e-08
	5.438630853e-06	5.438630853e-06	5.817771578e-08	5.817771578e-08	0.0002558542031
	0.0002558542031	1.759607835e-05	9.479349217e-06	1.759607835e-05	9.479349217e-06
	0.97170028	0.97170028	2.649469503e-05	2.649469503e-05	5.917808827e-05
	5.917808827e-05	2.954249932e-06	1.703094435e-06	2.954249932e-06	1.703094435e-06
	0.05411817989	0.05411817989	0.6185234111	0.97170028	0.6185234111
	0.97170028	9.289203942e-07	5.378458045e-07	9.289203942e-07	5.378458045e-07
	0.9985519765	0.9985519765	2.952505614e-07	1.727430433e-07	9.651967764e-08
	2.952505614e-07	1.727430433e-07	9.651967764e-08	4.098732175e-05	7.182523117e-05
	0.0001259445198	4.098732175e-05	7.182523117e-05	0.0001259445198	0.0768246724
	0.0768246724	0.0002558542031	0.0002558542031	3.414189027e-08	2.224415478e-08
	3.414189027e-08	2.224415478e-08	7.274416139e-06	7.274416139e-06	2.649469503e-05
	2.649469503e-05	1.727430433e-07	1.727430433e-07	7.274416139e-06	7.274416139e-06
	1.73265588e-05	1.299296711e-05	1.299296711e-05	1.73265588e-05	5.817771578e-08
	9.651967764e-08	5.817771578e-08	9.651967764e-08	0.0002264019309	0.0002264019309
	6.825634899e-06	6.950055065e-06	6.825634899e-06	6.950055065e-06	6.825634899e-06
	6.825634899e-06	0.6185234111	0.05411817989	0.6185234111	0.05411817989
	1.703094435e-06	1.703094435e-06	2.954249932e-06	5.438630853e-06	2.954249932e-06
	5.438630853e-06	1.759607835e-05	3.106977903e-05	9.479349217e-06	9.479349217e-06
	1.759607835e-05	3.106977903e-05	0.001382117055	0.005274327219	0.001382117055
	0.005274327219	7.550001797e-06	8.667344339e-06	7.550001797e-06	8.667344339e-06
	0.9985519765	0.9985519765	0.9964929325	0.7401785093	0.9783087446
	0.9964929325	0.9783087446	0.7401785093	0.9984649322	0.9989813162
	0.9960525766	0.9960525766	0.9989813162	0.9984649322	7.550001797e-06
	9.947579882e-06	8.667344339e-06	9.947579882e-06	8.667344339e-06	7.550001797e-06
	0.0005451780327	0.00160217701	0.006527001499	0.00160217701	0.006527001499
	0.0005451780327	0.0001259445198	7.182523117e-05	4.098732175e-05	4.098732175e-05
	0.0001259445198	7.182523117e-05	0.0005451780327	0.00160217701	0.0005451780327
	0.00160217701	9.947579882e-06	1.299296711e-05	1.73265588e-05	1.73265588e-05
	9.947579882e-06	1.299296711e-05	0.0001090042035	3.106977903e-05	5.917808827e-05
	5.917808827e-05	3.106977903e-05	0.0001090042035	0.0768246724	0.006527001499
	0.006527001499	0.0768246724	0.7401785093	0.9783087446	0.9964929325
	0.7401785093	0.9783087446	0.9964929325	0.0001090042035	0.0004833576058
	0.0002264019309	0.0002264019309	0.0004833576058	0.0001090042035	0.9984649322
	0.9960525766	0.9989813162	0.9989813162	0.9960525766	0.9984649322
	0.005274327219	0.001382117055	0.0004833576058	0.005274327219	0.0004833576058
	0.001382117055	3.414189027e-08	2.224415478e-08	2.224415478e-08	3.414189027e-08
	5.378458045e-07	2.952505614e-07	9.289203942e-07	5.378458045e-07	2.952505614e-07
	9.289203942e-07	1.466542901e-08	1.314423121e-08	1.220633812e-08	1.314423121e-08
	1.466542901e-08	1.314423121e-08	1.466542901e-08	1.314423121e-08	1.220633812e-08
	1.466542901e-08	1.466542901e-08	1.466542901e-08	1.122385382e-08	1.466542901e-08
	1.466542901e-08	1.122385382e-08	1.122385382e-08	1.122385382e-08	4.818904183e-06
	4.818904183e-06	5.517322152e-06	5.517322152e-06	1.518544624e-05	1.518544624e-05
	0.006870669387	0.006870669387	0.0001106341793	0.0001106341793	2.990008104e-07
	2.990008104e-07	9.442837857e-07	9.442837857e-07	3.156116161e-05	3.156116161e-05
	3.005041467e-06	3.005041467e-06	9.637803585e-06	9.637803585e-06	0.6997821104
	0.6997821104	9.637803585e-06	9.637803585e-06	3.156116161e-05	3.156116161e-05
	0.0001106341793	0.0001106341793	3.005041467e-06	3.005041467e-06	0.0004907567768
	0.0004907567768	0.005399402461	0.005399402461	3.898962036e-05	3.898962036e-05
	0.9959788486	0.9959788486	9.442837857e-07	9.442837857e-07	0.5556728469
	0.5556728469	0.9953683594	0.9953683594	2.990008104e-07	2.990008104e-07
	0.9988833834	0.9988833834	0.9959788486	0.9959788486	0.9988833834
	0.9988833834	9.651620153e-08	9.651620153e-08	0.6997821104	0.6997821104
	0.006870669387	0.006870669387	3.296353213e-08	3.296353213e-08	0.0005542089457
	0.0005542089457	0.0001251871217	0.0001251871217	7.859819373e-06	7.859819373e-06
	0.0001251871217	0.0001251871217	0.9953683594	0.9953683594	1.314423121e-08
	1.314423121e-08	3.898962036e-05	3.898962036e-05	1.518544624e-05	1.518544624e-05
	7.859819373e-06	7.859819373e-06	5.517322152e-06	5.517322152e-06	0.5556728469
	0.5556728469	4.818904183e-06	4.818904183e-06	0.0005542089457	0.0005542089457
	0.005399402461	0.005399402461	1.314423121e-08	1.314423121e-08	0.0004907567768
	0.0004907567768	3.296353213e-08	3.296353213e-08	9.651620153e-08	9.651620153e-08
	5.221655907e-06	5.221655907e-06	5.420640886e-08	5.420640886e-08	0.0002390439564
	0.0002390439564	1.686498388e-05	1.686498388e-05	0.9704826729	0.9704826729
	2.291313834e-05	2.291313834e-05	5.648365689e-05	5.648365689e-05	1.635737727e-06
	1.635737727e-06	0.04311595086	0.04311595086	0.9704826729	0.9704826729
	5.156925067e-07	5.156925067e-07	0.9985759968	0.9985759968	1.644585557e-07
	1.644585557e-07	6.586970651e-05	6.586970651e-05	0.06466815595	0.06466815595
	0.0002390439564	0.0002390439564	1.964465378e-08	1.964465378e-08	4.907895046e-06
	4.907895046e-06	2.291313834e-05	2.291313834e-05	1.644585557e-07	1.644585557e-07
	4.907895046e-06	4.907895046e-06	1.019957687e-05	1.019957687e-05	5.420640886e-08
	5.420640886e-08	0.0002136333031	0.0002136333031	4.613971583e-06	4.613971583e-06
	0.04311595086	0.04311595086	1.635737727e-06	1.635737727e-06	5.221655907e-06
	5.221655907e-06	1.686498388e-05	1.686498388e-05	0.001254124307	0.001254124307
	6.182366047e-06	6.182366047e-06	0.9985759968	0.9985759968	0.9780736254
	0.9780736254	0.9984824134	0.9984824134	6.182366047e-06	6.182366047e-06
	0.001462491802	0.001462491802	6.586970651e-05	6.586970651e-05	0.001462491802
	0.001462491802	1.019957687e-05	1.019957687e-05	5.648365689e-05	5.648365689e-05
	0.06466815595	0.06466815595	0.9780736254	0.9780736254	0.0002136333031
	0.0002136333031	0.9984824134	0.9984824134	0.001254124307	0.001254124307
	1.964465378e-08	1.964465378e-08	5.156925067e-07	5.156925067e-07	8.75977901e-09
	9.065050839e-09	9.065050839e-09	8.75977901e-09	9.065050839e-09	9.065050839e-09
	9.065050839e-09	9.065050839e-09	9.065050839e-09	9.065050839e-09	4.044293063e-06
	4.708617913e-06	1.397903173e-05	0.006099319938	0.0001063967233	2.890720474e-07
	9.139080469e-07	3.048238359e-05	2.908469087e-06	9.322723945e-06	0.6969644128
	9.322723945e-06	3.048238359e-05	0.0001063967233	2.908469087e-06	0.000465409186
	0.004834318346	3.688547975e-05	0.9961901596	9.139080469e-07	0.5631485888
	0.9956736775	2.890720474e-07	0.9989283544	0.9961901596	0.9989283544
	9.295373856e-08	0.6969644128	0.006099319938	3.139700899e-08	0.0005248459798
	0.0001195948654	6.946728021e-06	0.0001195948654	0.9956736775	1.220633812e-08
	3.688547975e-05	1.397903173e-05	6.946728021e-06	4.708617913e-06	0.5631485888
	4.044293063e-06	0.0005248459798	0.004834318346	1.220633812e-08	0.000465409186
	3.139700899e-08	9.295373856e-08	8.75977901e-09	5.352403709e-06	5.504449024e-08
	7.458783089e-09	8.75977901e-09	7.458783089e-09	0.0002455794314	1.728779071e-05
	0.9670052624	2.273526219e-05	5.79382906e-05	1.676638396e-06	0.04663996275
	0.9670052624	5.283021923e-07	0.9984661891	1.681189645e-07	6.6791858e-05
	0.06818920514	0.0002455794314	1.960289344e-08	4.389438781e-06	2.273526219e-05
	7.458783089e-09	1.681189645e-07	4.389438781e-06	9.756288052e-06	5.504449024e-08
	0.0002198504494	4.093591473e-06	7.458783089e-09	0.04663996275	1.676638396e-06
	5.352403709e-06	1.728779071e-05	0.001307871336	5.676784356e-06	0.9984661891
	0.9750616903	0.9983657327	5.676784356e-06	0.001530675626	6.6791858e-05
	0.001530675626	9.756288052e-06	5.79382906e-05	0.06818920514	0.9750616903
	0.0002198504494	0.9983657327	0.001307871336	1.960289344e-08	5.283021923e-07
	6.704961814e-09	6.704961814e-09	6.704961814e-09	6.704961814e-09	6.342528007e-09
	